nios2-terminal: connected to hardware target using JTAG UART on cable,,,,,
"nios2-terminal: ""USB-Blaster [USB-0]""", device 1, instance 0,,,
nios2-terminal: (Use the IDE stop button or Ctrl-C to terminate),,,,,
,,,,,
[INFO] lab mode is Interrupt,,,,,
[INFO] period, pulse_width, bg_tasks_run, avg_latency, missed, multi_pulses
[INFO] 2,1,0,4,51455,0
[INFO] 4,2,0,6,31720,7749
[INFO] 6,3,0,8,56319,2100
[INFO] 8,4,0,11,64313,0
[INFO] 10,5,0,22,30731,0
[INFO] 12,6,0,10,7583,0
[INFO] 14,7,0,14,57147,0
[INFO] 16,8,0,15,41132,0
[INFO] 18,9,0,15,29423,0
[INFO] 20,10,0,27,20752,0
[INFO] 22,11,0,39,11716,0
[INFO] 24,12,0,30,6213,0
[INFO] 26,13,0,23,1690,0
[INFO] 28,14,0,34,61288,0
[INFO] 30,15,0,33,57366,0
[INFO] 32,16,0,51,54620,0
[INFO] 34,17,0,40,50709,0
[INFO] 36,18,0,57,48415,0
[INFO] 38,19,0,61,45163,0
[INFO] 40,20,0,33,42446,0
[INFO] 42,21,0,40,40360,0
[INFO] 44,22,0,45,38303,0
[INFO] 46,23,0,50,36292,0
[INFO] 48,24,0,37,33779,0
[INFO] 50,25,0,38,33020,0
[INFO] 52,26,0,49,31613,0
[INFO] 54,27,0,54,29416,0
[INFO] 56,28,0,51,28613,0
[INFO] 58,29,0,61,27421,0
[INFO] 60,30,0,78,26882,0
[INFO] 62,31,0,53,25916,0
[INFO] 64,32,0,72,24693,0
[INFO] 66,33,0,68,23111,0
[INFO] 68,34,121,57,22858,0
[INFO] 70,35,14,69,21944,0
[INFO] 72,36,0,63,21167,0
[INFO] 74,37,42,82,20634,0
[INFO] 76,38,150,70,19944,0
[INFO] 78,39,22,88,19231,0
[INFO] 80,40,76,73,18652,0
[INFO] 82,41,64,62,18540,0
[INFO] 84,42,20,75,17774,0
[INFO] 86,43,174,90,17049,0
[INFO] 88,44,397,98,16669,0
[INFO] 90,45,620,89,16306,0
[INFO] 92,46,240,80,15303,0
[INFO] 94,47,167,78,15086,0
[INFO] 96,48,90,76,14477,0
[INFO] 98,49,120,96,14723,0
[INFO] 100,50,319,87,14009,0
[INFO] 102,51,508,85,13736,0
[INFO] 104,52,204,109,13167,0
[INFO] 106,53,411,110,12963,0
[INFO] 108,54,110,83,12234,0
[INFO] 110,55,167,96,12298,0
[INFO] 112,56,35,111,11993,0
[INFO] 114,57,65,86,11495,0
[INFO] 116,58,235,98,11301,0
[INFO] 118,59,411,73,11112,0
[INFO] 120,60,569,74,10930,0
[INFO] 122,61,723,87,14465,0
[INFO] 124,62,881,116,12707,0
[INFO] 126,63,1023,136,10588,0
[INFO] 128,64,1157,123,10258,0
[INFO] 130,65,1297,139,10102,0
[INFO] 132,66,1430,123,9952,0
[INFO] 134,67,1557,124,9804,0
[INFO] 136,68,1659,125,9662,0
[INFO] 138,69,1784,124,9524,0
[INFO] 140,70,489,107,8099,0
[INFO] 142,71,423,106,8315,0
[INFO] 144,72,536,115,8220,0
[INFO] 146,73,668,105,8109,0
[INFO] 148,74,799,132,8804,0
[INFO] 150,75,877,135,7898,0
[INFO] 152,76,1037,133,7793,0
[INFO] 154,77,1150,132,7693,0
[INFO] 156,78,620,129,7104,0
[INFO] 158,79,718,136,7113,0
[INFO] 160,80,869,150,7055,0
[INFO] 162,81,604,138,6741,0
[INFO] 164,82,509,130,6535,0
[INFO] 166,83,393,152,6345,0
[INFO] 168,84,203,131,6056,0
[INFO] 170,85,22,142,5814,0
[INFO] 172,86,65,118,5748,0
[INFO] 174,87,175,135,5682,0
[INFO] 176,88,295,136,5618,0
[INFO] 178,89,396,135,5556,0
[INFO] 180,90,522,134,5495,0
[INFO] 182,91,620,135,5435,0
[INFO] 184,92,723,120,5377,0
[INFO] 186,93,830,118,5320,0
[INFO] 188,94,924,118,5264,0
[INFO] 190,95,1024,120,5209,0
[INFO] 192,96,1144,135,5155,0
[INFO] 194,97,1199,117,5103,0
[INFO] 196,98,1298,134,5051,0
[INFO] 198,99,1388,120,5001,0
[INFO] 200,100,1484,134,4951,0
[INFO] 202,101,1557,132,4902,0
[INFO] 204,102,1617,118,4855,0
[INFO] 206,103,1716,135,4808,0
[INFO] 208,104,1785,133,4762,0
[INFO] 210,105,1886,132,4717,0
[INFO] 212,106,1946,134,4673,0
[INFO] 214,107,2024,134,4630,0
[INFO] 216,108,2096,116,4588,0
[INFO] 218,109,2167,117,4546,0
[INFO] 220,110,2252,134,4505,0
[INFO] 222,111,2313,117,4465,0
[INFO] 224,112,2381,131,4425,0
[INFO] 226,113,2436,132,4386,0
[INFO] 228,114,2535,134,4348,0
[INFO] 230,115,2585,117,4311,0
[INFO] 232,116,2644,132,4274,0
[INFO] 234,117,2722,116,4239,0
[INFO] 236,118,2800,133,4202,0
[INFO] 238,119,2840,132,4167,0
[INFO] 240,120,2899,115,4133,0
[INFO] 242,121,2979,116,4099,0
[INFO] 244,122,3047,118,4066,0
[INFO] 246,123,3100,157,5274,0
[INFO] 248,124,3142,176,6420,0
[INFO] 250,125,3211,235,6559,0
[INFO] 252,126,3279,246,5825,0
[INFO] 254,127,3312,249,4273,0
[INFO] 256,128,3374,250,4008,0
[INFO] 258,129,3432,253,3984,0
[INFO] 260,130,3496,254,3817,0
[INFO] 262,131,3563,256,3788,0
[INFO] 264,132,3755,257,3759,0
[INFO] 266,133,3729,256,3731,0
[INFO] 268,134,3738,257,3703,0
[INFO] 270,135,3775,257,3676,0
[INFO] 272,136,3809,259,3649,0
[INFO] 274,137,3847,260,3623,0
[INFO] 276,138,3883,262,3597,0
[INFO] 278,139,3926,264,3571,0
[INFO] 280,140,2224,209,2224,0
[INFO] 282,141,1933,201,1953,0
[INFO] 284,142,1917,232,3155,0
[INFO] 286,143,2008,174,2250,0
[INFO] 288,144,2070,213,2235,0
[INFO] 290,145,2167,195,2283,0
[INFO] 292,146,2266,171,2268,0
[INFO] 294,147,2291,193,2252,0
[INFO] 296,148,2333,269,4028,0
[INFO] 298,149,2374,279,3286,0
[INFO] 300,150,2430,277,2275,0
[INFO] 302,151,2484,279,2194,0
[INFO] 304,152,2543,279,2178,0
[INFO] 306,153,2595,278,2165,0
[INFO] 308,154,2649,279,2151,0
[INFO] 310,155,2701,278,2137,0
[INFO] 312,156,1607,270,1280,0
[INFO] 314,157,1588,275,1289,0
[INFO] 316,158,1815,278,1486,0
[INFO] 318,159,1957,283,1561,0
[INFO] 320,160,2011,283,1552,0
[INFO] 322,161,2056,284,1543,0
[INFO] 324,162,729,272,549,0
[INFO] 326,163,1619,283,1216,0
[INFO] 328,164,836,274,598,0
[INFO] 330,165,1273,282,934,0
[INFO] 332,166,938,280,678,0
[INFO] 334,167,792,283,562,0
[INFO] 336,168,325,267,206,0
[INFO] 338,169,429,281,287,0
[INFO] 340,170,36,273,1,0
[INFO] 342,171,22,269,1,0
[INFO] 344,172,1,276,1,0
[INFO] 346,173,65,254,1,0
[INFO] 348,174,122,254,1,0
[INFO] 350,175,175,254,1,0
[INFO] 352,176,236,254,1,0
[INFO] 354,177,296,254,1,0
[INFO] 356,178,349,254,1,0
[INFO] 358,179,397,254,1,0
[INFO] 360,180,480,254,1,0
[INFO] 362,181,523,254,1,0
[INFO] 364,182,569,254,1,0
[INFO] 366,183,621,254,1,0
[INFO] 368,184,676,254,1,0
[INFO] 370,185,724,254,1,0
[INFO] 372,186,792,254,1,0
[INFO] 374,187,831,254,1,0
[INFO] 376,188,882,254,1,0
[INFO] 378,189,925,254,1,0
[INFO] 380,190,973,254,1,0
[INFO] 382,191,1025,254,1,0
[INFO] 384,192,1079,254,1,0
[INFO] 386,193,1145,254,1,0
[INFO] 388,194,1158,254,1,0
[INFO] 390,195,1214,254,1,0
[INFO] 392,196,1260,254,1,0
[INFO] 394,197,1298,254,1,0
[INFO] 396,198,1340,254,1,0
[INFO] 398,199,1389,254,1,0
[INFO] 400,200,1431,254,1,0
[INFO] 402,201,1472,254,1,0
[INFO] 404,202,1516,254,1,0
[INFO] 406,203,1558,254,1,0
[INFO] 408,204,1626,254,1,0
[INFO] 410,205,1618,254,1,0
[INFO] 412,206,1661,254,1,0
[INFO] 414,207,1717,254,1,0
[INFO] 416,208,1754,254,1,0
[INFO] 418,209,1786,254,1,0
[INFO] 420,210,1843,254,1,0
[INFO] 422,211,1887,254,1,0
[INFO] 424,212,1902,254,1,0
[INFO] 426,213,1947,254,1,0
[INFO] 428,214,1993,254,1,0
[INFO] 430,215,2025,254,1,0
[INFO] 432,216,2048,254,1,0
[INFO] 434,217,2097,254,1,0
[INFO] 436,218,2140,254,1,0
[INFO] 438,219,2173,254,1,0
[INFO] 440,220,2262,254,1,0
[INFO] 442,221,2252,254,1,0
[INFO] 444,222,2289,254,1,0
[INFO] 446,223,2315,254,1,0
[INFO] 448,224,2352,254,1,0
[INFO] 450,225,2382,254,1,0
[INFO] 452,226,2423,254,1,0
[INFO] 454,227,2467,254,1,0
[INFO] 456,228,2495,254,1,0
[INFO] 458,229,2536,254,1,0
[INFO] 460,230,2597,254,1,0
[INFO] 462,231,2586,254,1,0
[INFO] 464,232,2640,254,1,0
[INFO] 466,233,2645,254,1,0
[INFO] 468,234,2679,254,1,0
[INFO] 470,235,2724,254,2,0
[INFO] 472,236,2764,254,1,0
[INFO] 474,237,2800,254,1,0
[INFO] 476,238,2789,254,1,0
[INFO] 478,239,2840,254,1,0
[INFO] 480,240,2872,254,1,0
[INFO] 482,241,2901,254,1,0
[INFO] 484,242,2939,254,1,0
[INFO] 486,243,2980,254,1,0
[INFO] 488,244,3016,254,1,0
[INFO] 490,245,3048,254,1,0
[INFO] 492,246,3066,254,1,0
[INFO] 494,247,3101,254,1,0
[INFO] 496,248,3129,254,1,0
[INFO] 498,249,3143,254,1,0
[INFO] 500,250,3187,254,1,0
[INFO] 502,251,3210,254,0,0
[INFO] 504,252,3231,254,0,0
[INFO] 506,253,3280,254,1,0
[INFO] 508,254,3294,254,0,0
[INFO] 510,255,3314,254,1,0
[INFO] 512,256,3334,254,0,0
[INFO] 514,257,3389,254,0,0
[INFO] 516,258,3428,254,0,0
[INFO] 518,259,3432,254,0,0
[INFO] 520,260,3464,254,0,0
[INFO] 522,261,3497,254,0,0
[INFO] 524,262,3528,254,0,0
[INFO] 526,263,3562,254,0,0
[INFO] 528,264,3583,254,0,0
[INFO] 530,265,3756,254,0,0
[INFO] 532,266,3663,254,0,0
[INFO] 534,267,3729,254,0,0
[INFO] 536,268,3716,254,0,0
[INFO] 538,269,3738,254,0,0
[INFO] 540,270,3755,254,0,0
[INFO] 542,271,3775,254,0,0
[INFO] 544,272,3789,254,0,0
[INFO] 546,273,3809,254,0,0
[INFO] 548,274,3831,254,0,0
[INFO] 550,275,3847,254,0,0
[INFO] 552,276,3866,254,0,0
[INFO] 554,277,3883,254,0,0
[INFO] 556,278,3908,254,0,0
[INFO] 558,279,3926,254,0,0
[INFO] 560,280,3952,254,0,0
[INFO] 562,281,3987,254,0,0
[INFO] 564,282,4002,254,0,0
[INFO] 566,283,4022,254,0,0
[INFO] 568,284,4060,254,0,0
[INFO] 570,285,4077,254,0,0
[INFO] 572,286,4105,254,0,0
[INFO] 574,287,4131,254,0,0
[INFO] 576,288,4150,254,0,0
[INFO] 578,289,4172,254,0,0
[INFO] 580,290,4197,254,0,0
[INFO] 582,291,4223,254,0,0
[INFO] 584,292,4251,254,0,0
[INFO] 586,293,4249,254,0,0
[INFO] 588,294,4285,254,0,0
[INFO] 590,295,4308,254,0,0
[INFO] 592,296,4327,254,0,0
[INFO] 594,297,4359,254,0,0
[INFO] 596,298,4371,254,0,0
[INFO] 598,299,4388,254,0,0
[INFO] 600,300,4427,254,0,0
[INFO] 602,301,4413,254,0,0
[INFO] 604,302,4442,254,0,0
[INFO] 606,303,4475,254,0,0
[INFO] 608,304,4494,254,0,0
[INFO] 610,305,4511,254,0,0
[INFO] 612,306,4535,254,0,0
[INFO] 614,307,4543,254,0,0
[INFO] 616,308,4562,254,0,0
[INFO] 618,309,4585,254,0,0
[INFO] 620,310,4606,254,0,0
[INFO] 622,311,4627,254,0,0
[INFO] 624,312,4645,254,0,0
[INFO] 626,313,4668,254,0,0
[INFO] 628,314,4680,254,0,0
[INFO] 630,315,4705,254,0,0
[INFO] 632,316,4729,254,0,0
[INFO] 634,317,4743,254,0,0
[INFO] 636,318,4758,254,0,0
[INFO] 638,319,4768,254,0,0
[INFO] 640,320,4790,254,0,0
[INFO] 642,321,4811,254,0,0
[INFO] 644,322,4823,254,0,0
[INFO] 646,323,4847,254,0,0
[INFO] 648,324,4861,254,0,0
[INFO] 650,325,4877,254,0,0
[INFO] 652,326,4891,254,0,0
[INFO] 654,327,4909,254,0,0
[INFO] 656,328,4936,254,0,0
[INFO] 658,329,4945,254,0,0
[INFO] 660,330,4961,254,0,0
[INFO] 662,331,4983,254,0,0
[INFO] 664,332,5003,254,0,0
[INFO] 666,333,4988,254,0,0
[INFO] 668,334,5018,254,0,0
[INFO] 670,335,5044,254,0,0
[INFO] 672,336,5059,254,0,0
[INFO] 674,337,5079,254,0,0
[INFO] 676,338,5093,254,0,0
[INFO] 678,339,5106,254,0,0
[INFO] 680,340,5129,254,0,0
[INFO] 682,341,5149,254,0,0
[INFO] 684,342,5155,254,0,0
[INFO] 686,343,5171,254,0,0
[INFO] 688,344,5184,254,0,0
[INFO] 690,345,5200,254,0,0
[INFO] 692,346,5221,254,0,0
[INFO] 694,347,5231,254,0,0
[INFO] 696,348,5244,254,0,0
[INFO] 698,349,5261,254,0,0
[INFO] 700,350,5289,254,0,0
[INFO] 702,351,5292,254,0,0
[INFO] 704,352,5309,254,0,0
[INFO] 706,353,5321,254,0,0
[INFO] 708,354,5333,254,0,0
[INFO] 710,355,5348,254,0,0
[INFO] 712,356,5362,254,0,0
[INFO] 714,357,5377,254,0,0
[INFO] 716,358,5394,254,0,0
[INFO] 718,359,5407,254,0,0
[INFO] 720,360,5422,254,0,0
[INFO] 722,361,5441,254,0,0
[INFO] 724,362,5467,254,0,0
[INFO] 726,363,5492,255,0,0
[INFO] 728,364,5477,254,0,0
[INFO] 730,365,5507,254,0,0
[INFO] 732,366,5513,254,0,0
[INFO] 734,367,5520,254,0,0
[INFO] 736,368,5531,254,0,0
[INFO] 738,369,5538,254,0,0
[INFO] 740,370,5546,254,0,0
[INFO] 742,371,5566,254,0,0
[INFO] 744,372,5579,254,0,0
[INFO] 746,373,5588,254,0,0
[INFO] 748,374,5604,254,0,0
[INFO] 750,375,5618,254,0,0
[INFO] 752,376,5634,254,0,0
[INFO] 754,377,5649,254,0,0
[INFO] 756,378,5651,254,0,0
[INFO] 758,379,5670,254,0,0
[INFO] 760,380,5684,254,0,0
[INFO] 762,381,5695,254,0,0
[INFO] 764,382,5709,254,0,0
[INFO] 766,383,5727,254,0,0
[INFO] 768,384,5729,254,0,0
[INFO] 770,385,5745,254,0,0
[INFO] 772,386,5762,254,0,0
[INFO] 774,387,5770,254,0,0
[INFO] 776,388,5781,254,0,0
[INFO] 778,389,5795,254,0,0
[INFO] 780,390,5810,254,0,0
[INFO] 782,391,5820,254,0,0
[INFO] 784,392,5834,254,0,0
[INFO] 786,393,5843,254,0,0
[INFO] 788,394,5852,254,0,0
[INFO] 790,395,5889,254,0,0
[INFO] 792,396,5875,254,0,0
[INFO] 794,397,5879,254,0,0
[INFO] 796,398,5896,254,0,0
[INFO] 798,399,5913,254,0,0
[INFO] 800,400,5920,254,0,0
[INFO] 802,401,5936,254,0,0
[INFO] 804,402,5952,254,0,0
[INFO] 806,403,5952,254,0,0
[INFO] 808,404,5970,254,0,0
[INFO] 810,405,5980,254,0,0
[INFO] 812,406,5987,254,0,0
[INFO] 814,407,5999,254,0,0
[INFO] 816,408,6008,254,0,0
[INFO] 818,409,6024,254,0,0
[INFO] 820,410,6039,254,0,0
[INFO] 822,411,6053,254,0,0
[INFO] 824,412,6051,254,0,0
[INFO] 826,413,6068,254,0,0
[INFO] 828,414,6079,254,0,0
[INFO] 830,415,6087,254,0,0
[INFO] 832,416,6099,254,0,0
[INFO] 834,417,6111,254,0,0
[INFO] 836,418,6117,254,0,0
[INFO] 838,419,6127,254,0,0
[INFO] 840,420,6137,254,0,0
[INFO] 842,421,6158,254,0,0
[INFO] 844,422,6152,254,0,0
[INFO] 846,423,6165,254,0,0
[INFO] 848,424,6180,254,0,0
[INFO] 850,425,6186,254,0,0
[INFO] 852,426,6197,254,0,0
[INFO] 854,427,6212,254,0,0
[INFO] 856,428,6214,254,0,0
[INFO] 858,429,6226,254,0,0
[INFO] 860,430,6238,254,0,0
[INFO] 862,431,6247,254,0,0
[INFO] 864,432,6259,254,0,0
[INFO] 866,433,6270,254,0,0
[INFO] 868,434,6281,254,0,0
[INFO] 870,435,6290,254,0,0
[INFO] 872,436,6291,254,0,0
[INFO] 874,437,6310,254,0,0
[INFO] 876,438,6319,254,0,0
[INFO] 878,439,6327,254,0,0
[INFO] 880,440,6346,254,0,0
[INFO] 882,441,6344,254,0,0
[INFO] 884,442,6359,254,0,0
[INFO] 886,443,6360,254,0,0
[INFO] 888,444,6365,254,0,0
[INFO] 890,445,6386,254,0,0
[INFO] 892,446,6390,254,0,0
[INFO] 894,447,6415,254,0,0
[INFO] 896,448,6408,254,0,0
[INFO] 898,449,6417,254,0,0
[INFO] 900,450,6428,254,0,0
[INFO] 902,451,6433,254,0,0
[INFO] 904,452,6445,254,0,0
[INFO] 906,453,6453,254,0,0
[INFO] 908,454,6460,254,0,0
[INFO] 910,455,6472,254,0,0
[INFO] 912,456,6561,254,0,0
[INFO] 914,457,6499,254,0,0
[INFO] 916,458,6533,254,0,0
[INFO] 918,459,6520,254,0,0
[INFO] 920,460,6531,254,0,0
[INFO] 922,461,6535,254,0,0
[INFO] 924,462,6538,254,0,0
[INFO] 926,463,6542,254,0,0
[INFO] 928,464,6548,254,0,0
[INFO] 930,465,6555,254,0,0
[INFO] 932,466,6555,254,0,0
[INFO] 934,467,6568,254,0,0
[INFO] 936,468,6584,254,0,0
[INFO] 938,469,6586,254,0,0
[INFO] 940,470,6595,254,0,0
[INFO] 942,471,6602,254,0,0
[INFO] 944,472,6616,254,0,0
[INFO] 946,473,6628,254,0,0
[INFO] 948,474,6629,254,0,0
[INFO] 950,475,6639,254,0,0
[INFO] 952,476,6644,254,0,0
[INFO] 954,477,6655,254,0,0
[INFO] 956,478,6678,254,0,0
[INFO] 958,479,6671,254,0,0
[INFO] 960,480,6681,254,0,0
[INFO] 962,481,6682,254,0,0
[INFO] 964,482,6696,254,0,0
[INFO] 966,483,6706,254,0,0
[INFO] 968,484,6712,254,0,0
[INFO] 970,485,6717,254,0,0
[INFO] 972,486,6728,254,0,0
[INFO] 974,487,6731,254,0,0
[INFO] 976,488,6746,254,0,0
[INFO] 978,489,6748,254,0,0
[INFO] 980,490,6754,254,0,0
[INFO] 982,491,6772,254,0,0
[INFO] 984,492,6759,254,0,0
[INFO] 986,493,6772,254,0,0
[INFO] 988,494,6788,254,0,0
[INFO] 990,495,6795,254,0,0
[INFO] 992,496,6801,254,0,0
[INFO] 994,497,6808,254,0,0
[INFO] 996,498,6812,254,0,0
[INFO] 998,499,6819,254,0,0
[INFO] 1000,500,6829,254,0,0
[INFO] 1002,501,6838,254,0,0
[INFO] 1004,502,6846,254,0,0
[INFO] 1006,503,6852,254,0,0
[INFO] 1008,504,6863,254,0,0
[INFO] 1010,505,6865,254,0,0
[INFO] 1012,506,6877,254,0,0
[INFO] 1014,507,6887,254,0,0
[INFO] 1016,508,6891,254,0,0
[INFO] 1018,509,6896,254,0,0
[INFO] 1020,510,6899,254,0,0
[INFO] 1022,511,6909,254,0,0
[INFO] 1024,512,6913,254,0,0
[INFO] 1026,513,6920,254,0,0
[INFO] 1028,514,6932,254,0,0
[INFO] 1030,515,6937,254,0,0
[INFO] 1032,516,6944,254,0,0
[INFO] 1034,517,6947,254,0,0
[INFO] 1036,518,6955,254,0,0
[INFO] 1038,519,6969,254,0,0
[INFO] 1040,520,6970,254,0,0
[INFO] 1042,521,6976,254,0,0
[INFO] 1044,522,6987,254,0,0
[INFO] 1046,523,6994,254,0,0
[INFO] 1048,524,6982,254,0,0
[INFO] 1050,525,6998,254,0,0
[INFO] 1052,526,7010,254,0,0
[INFO] 1054,527,7016,254,0,0
[INFO] 1056,528,7026,254,0,0
[INFO] 1058,529,7030,254,0,0
[INFO] 1060,530,7035,254,0,0
[INFO] 1062,531,7046,254,0,0
[INFO] 1064,532,7056,254,0,0
[INFO] 1066,533,7056,254,0,0
[INFO] 1068,534,7064,254,0,0
[INFO] 1070,535,7067,254,0,0
[INFO] 1072,536,7074,254,0,0
[INFO] 1074,537,7084,254,0,0
[INFO] 1076,538,7082,254,0,0
[INFO] 1078,539,7092,254,0,0
[INFO] 1080,540,7099,254,0,0
[INFO] 1082,541,7115,254,0,0
[INFO] 1084,542,7112,254,0,0
[INFO] 1086,543,7121,254,0,0
[INFO] 1088,544,7125,254,0,0
[INFO] 1090,545,7129,254,0,0
[INFO] 1092,546,7137,254,0,0
[INFO] 1094,547,7142,254,0,0
[INFO] 1096,548,7148,254,0,0
[INFO] 1098,549,7157,254,0,0
[INFO] 1100,550,7162,254,0,0
[INFO] 1102,551,7168,254,0,0
[INFO] 1104,552,7178,254,0,0
[INFO] 1106,553,7192,254,0,0
[INFO] 1108,554,7205,255,0,0
[INFO] 1110,555,7192,254,0,0
[INFO] 1112,556,7208,254,0,0
[INFO] 1114,557,7210,254,0,0
[INFO] 1116,558,7211,254,0,0
[INFO] 1118,559,7215,254,0,0
[INFO] 1120,560,7216,254,0,0
[INFO] 1122,561,7220,254,0,0
[INFO] 1124,562,7230,254,0,0
[INFO] 1126,563,7236,254,0,0
[INFO] 1128,564,7238,254,0,0
[INFO] 1130,565,7246,254,0,0
[INFO] 1132,566,7252,254,0,0
[INFO] 1134,567,7259,254,0,0
[INFO] 1136,568,7267,254,0,0
[INFO] 1138,569,7266,254,0,0
[INFO] 1140,570,7275,254,0,0
[INFO] 1142,571,7282,254,0,0
[INFO] 1144,572,7287,254,0,0
[INFO] 1146,573,7294,254,0,0
[INFO] 1148,574,7303,254,0,0
[INFO] 1150,575,7303,254,0,0
[INFO] 1152,576,7310,254,0,0
[INFO] 1154,577,7318,254,0,0
[INFO] 1156,578,7322,254,0,0
[INFO] 1158,579,7326,254,0,0
[INFO] 1160,580,7332,254,0,0
[INFO] 1162,581,7340,254,0,0
[INFO] 1164,582,7343,254,0,0
[INFO] 1166,583,7350,254,0,0
[INFO] 1168,584,7353,254,0,0
[INFO] 1170,585,7356,254,0,0
[INFO] 1172,586,7378,254,0,0
[INFO] 1174,587,7367,254,0,0
[INFO] 1176,588,7368,254,0,0
[INFO] 1178,589,7377,254,0,0
[INFO] 1180,590,7386,254,0,0
[INFO] 1182,591,7389,254,0,0
[INFO] 1184,592,7396,254,0,0
[INFO] 1186,593,7404,254,0,0
[INFO] 1188,594,7401,254,0,0
[INFO] 1190,595,7411,254,0,0
[INFO] 1192,596,7417,254,0,0
[INFO] 1194,597,7419,254,0,0
[INFO] 1196,598,7423,254,0,0
[INFO] 1198,599,7428,254,0,0
[INFO] 1200,600,7436,254,0,0
[INFO] 1202,601,7445,254,0,0
[INFO] 1204,602,7452,254,0,0
[INFO] 1206,603,7448,254,0,0
[INFO] 1208,604,7458,254,0,0
[INFO] 1210,605,7463,254,0,0
[INFO] 1212,606,7466,254,0,0
[INFO] 1214,607,7471,254,0,0
[INFO] 1216,608,7479,254,0,0
[INFO] 1218,609,7480,254,0,0
[INFO] 1220,610,7483,254,0,0
[INFO] 1222,611,7490,254,0,0
[INFO] 1224,612,7494,254,0,0
[INFO] 1226,613,7494,254,0,0
[INFO] 1228,614,7504,254,0,0
[INFO] 1230,615,7510,254,0,0
[INFO] 1232,616,7517,254,0,0
[INFO] 1234,617,7518,254,0,0
[INFO] 1236,618,7525,254,0,0
[INFO] 1238,619,7525,254,0,0
[INFO] 1240,620,7532,254,0,0
[INFO] 1242,621,7537,254,0,0
[INFO] 1244,622,7543,254,0,0
[INFO] 1246,623,7548,254,0,0
[INFO] 1248,624,7555,254,0,0
[INFO] 1250,625,7558,254,0,0
[INFO] 1252,626,7563,254,0,0
[INFO] 1254,627,7562,254,0,0
[INFO] 1256,628,7572,254,0,0
[INFO] 1258,629,7577,254,0,0
[INFO] 1260,630,7580,254,0,0
[INFO] 1262,631,7593,254,0,0
[INFO] 1264,632,7581,254,0,0
[INFO] 1266,633,7592,254,0,0
[INFO] 1268,634,7598,254,0,0
[INFO] 1270,635,7603,254,0,0
[INFO] 1272,636,7605,254,0,0
[INFO] 1274,637,7611,254,0,0
[INFO] 1276,638,7627,254,0,0
[INFO] 1278,639,7619,254,0,0
[INFO] 1280,640,7626,254,0,0
[INFO] 1282,641,7630,254,0,0
[INFO] 1284,642,7633,254,0,0
[INFO] 1286,643,7638,254,0,0
[INFO] 1288,644,7639,254,0,0
[INFO] 1290,645,7646,254,0,0
[INFO] 1292,646,7652,254,0,0
[INFO] 1294,647,7712,254,0,0
[INFO] 1296,648,7668,254,0,0
[INFO] 1298,649,7689,254,0,0
[INFO] 1300,650,7680,254,0,0
[INFO] 1302,651,7684,254,0,0
[INFO] 1304,652,7686,254,0,0
[INFO] 1306,653,7688,254,0,0
[INFO] 1308,654,7687,254,0,0
[INFO] 1310,655,7690,254,0,0
[INFO] 1312,656,7694,254,0,0
[INFO] 1314,657,7697,254,0,0
[INFO] 1316,658,7698,254,0,0
[INFO] 1318,659,7709,254,0,0
[INFO] 1320,660,7713,254,0,0
[INFO] 1322,661,7712,254,0,0
[INFO] 1324,662,7717,254,0,0
[INFO] 1326,663,7726,254,0,0
[INFO] 1328,664,7731,254,0,0
[INFO] 1330,665,7730,254,0,0
[INFO] 1332,666,7735,254,0,0
[INFO] 1334,667,7740,254,0,0
[INFO] 1336,668,7743,254,0,0
[INFO] 1338,669,7758,254,0,0
[INFO] 1340,670,7748,254,0,0
[INFO] 1342,671,7758,254,0,0
[INFO] 1344,672,7757,254,0,0
[INFO] 1346,673,7765,254,0,0
[INFO] 1348,674,7769,254,0,0
[INFO] 1350,675,7774,254,0,0
[INFO] 1352,676,7777,254,0,0
[INFO] 1354,677,7782,254,0,0
[INFO] 1356,678,7782,254,0,0
[INFO] 1358,679,7791,254,0,0
[INFO] 1360,680,7791,254,0,0
[INFO] 1362,681,7795,254,0,0
[INFO] 1364,682,7807,254,0,0
[INFO] 1366,683,7795,254,0,0
[INFO] 1368,684,7803,254,0,0
[INFO] 1370,685,7812,254,0,0
[INFO] 1372,686,7816,254,0,0
[INFO] 1374,687,7818,254,0,0
[INFO] 1376,688,7825,254,0,0
[INFO] 1378,689,7824,254,0,0
[INFO] 1380,690,7828,254,0,0
[INFO] 1382,691,7835,254,0,0
[INFO] 1384,692,7840,254,0,0
[INFO] 1386,693,7843,254,0,0
[INFO] 1388,694,7846,254,0,0
[INFO] 1390,695,7852,254,0,0
[INFO] 1392,696,7853,254,0,0
[INFO] 1394,697,7859,254,0,0
[INFO] 1396,698,7866,254,0,0
[INFO] 1398,699,7867,254,0,0
[INFO] 1400,700,7872,254,0,0
[INFO] 1402,701,7869,254,0,0
[INFO] 1404,702,7875,254,0,0
[INFO] 1406,703,7877,254,0,0
[INFO] 1408,704,7882,254,0,0
[INFO] 1410,705,7889,254,0,0
[INFO] 1412,706,7891,254,0,0
[INFO] 1414,707,7894,254,0,0
[INFO] 1416,708,7896,254,0,0
[INFO] 1418,709,7900,254,0,0
[INFO] 1420,710,7908,254,0,0
[INFO] 1422,711,7908,254,0,0
[INFO] 1424,712,7911,254,0,0
[INFO] 1426,713,7917,254,0,0
[INFO] 1428,714,7922,254,0,0
[INFO] 1430,715,7912,254,0,0
[INFO] 1432,716,7922,254,0,0
[INFO] 1434,717,7930,254,0,0
[INFO] 1436,718,7933,254,0,0
[INFO] 1438,719,7939,254,0,0
[INFO] 1440,720,7941,254,0,0
[INFO] 1442,721,7945,254,0,0
[INFO] 1444,722,7952,254,0,0
[INFO] 1446,723,7957,254,0,0
[INFO] 1448,724,7956,254,0,0
[INFO] 1450,725,7959,254,0,0
[INFO] 1452,726,7960,254,0,0
[INFO] 1454,727,7964,254,0,0
[INFO] 1456,728,7971,254,0,0
[INFO] 1458,729,7968,254,0,0
[INFO] 1460,730,7975,254,0,0
[INFO] 1462,731,7980,254,0,0
[INFO] 1464,732,7989,254,0,0
[INFO] 1466,733,7986,254,0,0
[INFO] 1468,734,7990,254,0,0
[INFO] 1470,735,7993,254,0,0
[INFO] 1472,736,7995,254,0,0
[INFO] 1474,737,8001,254,0,0
[INFO] 1476,738,8003,254,0,0
[INFO] 1478,739,8006,254,0,0
[INFO] 1480,740,8010,254,0,0
[INFO] 1482,741,8013,254,0,0
[INFO] 1484,742,8017,254,0,0
[INFO] 1486,743,8024,254,0,0
[INFO] 1488,744,8032,254,0,0
[INFO] 1490,745,8040,255,0,0
[INFO] 1492,746,8030,254,0,0
[INFO] 1494,747,8041,254,0,0
[INFO] 1496,748,8042,254,0,0
[INFO] 1498,749,8041,254,0,0
[INFO] 1500,750,8042,254,0,0
[INFO] 1502,751,8043,254,0,0
[INFO] 1504,752,8046,254,0,0
[INFO] 1506,753,8051,254,0,0
[INFO] 1508,754,8052,254,0,0
[INFO] 1510,755,8054,254,0,0
[INFO] 1512,756,8061,254,0,0
[INFO] 1514,757,8064,254,0,0
[INFO] 1516,758,8067,254,0,0
[INFO] 1518,759,8071,254,0,0
[INFO] 1520,760,8072,254,0,0
[INFO] 1522,761,8076,254,0,0
[INFO] 1524,762,8079,254,0,0
[INFO] 1526,763,8082,254,0,0
[INFO] 1528,764,8087,254,0,0
[INFO] 1530,765,8091,254,0,0
[INFO] 1532,766,8090,254,0,0
[INFO] 1534,767,8097,254,0,0
[INFO] 1536,768,8100,254,0,0
[INFO] 1538,769,8101,254,0,0
[INFO] 1540,770,8107,254,0,0
[INFO] 1542,771,8108,254,0,0
[INFO] 1544,772,8112,254,0,0
[INFO] 1546,773,8114,254,0,0
[INFO] 1548,774,8119,254,0,0
[INFO] 1550,775,8119,254,0,0
[INFO] 1552,776,8124,254,0,0
[INFO] 1554,777,8137,254,0,0
[INFO] 1556,778,8127,254,0,0
[INFO] 1558,779,8131,254,0,0
[INFO] 1560,780,8133,254,0,0
[INFO] 1562,781,8138,254,0,0
[INFO] 1564,782,8141,254,0,0
[INFO] 1566,783,8144,254,0,0
[INFO] 1568,784,8150,254,0,0
[INFO] 1570,785,8148,254,0,0
[INFO] 1572,786,8151,254,0,0
[INFO] 1574,787,8158,254,0,0
[INFO] 1576,788,8157,254,0,0
[INFO] 1578,789,8160,254,0,0
[INFO] 1580,790,8165,254,0,0
[INFO] 1582,791,8167,254,0,0
[INFO] 1584,792,8175,254,0,0
[INFO] 1586,793,8177,254,0,0
[INFO] 1588,794,8174,254,0,0
[INFO] 1590,795,8181,254,0,0
[INFO] 1592,796,8183,254,0,0
[INFO] 1594,797,8186,254,0,0
[INFO] 1596,798,8187,254,0,0
[INFO] 1598,799,8195,254,0,0
[INFO] 1600,800,8192,254,0,0
[INFO] 1602,801,8195,254,0,0
[INFO] 1604,802,8199,254,0,0
[INFO] 1606,803,8200,254,0,0
[INFO] 1608,804,8205,254,0,0
[INFO] 1610,805,8205,254,0,0
[INFO] 1612,806,8212,254,0,0
[INFO] 1614,807,8214,254,0,0
[INFO] 1616,808,8216,254,0,0
[INFO] 1618,809,8219,254,0,0
[INFO] 1620,810,8220,254,0,0
[INFO] 1622,811,8222,254,0,0
[INFO] 1624,812,8228,254,0,0
[INFO] 1626,813,8228,254,0,0
[INFO] 1628,814,8233,254,0,0
[INFO] 1630,815,8235,254,0,0
[INFO] 1632,816,8239,254,0,0
[INFO] 1634,817,8241,254,0,0
[INFO] 1636,818,8242,254,0,0
[INFO] 1638,819,8246,254,0,0
[INFO] 1640,820,8252,254,0,0
[INFO] 1642,821,8251,254,0,0
[INFO] 1644,822,8262,254,0,0
[INFO] 1646,823,8250,254,0,0
[INFO] 1648,824,8260,254,0,0
[INFO] 1650,825,8260,254,0,0
[INFO] 1652,826,8266,254,0,0
[INFO] 1654,827,8269,254,0,0
[INFO] 1656,828,8270,254,0,0
[INFO] 1658,829,8280,254,0,0
[INFO] 1660,830,8275,254,0,0
[INFO] 1662,831,8278,254,0,0
[INFO] 1664,832,8280,254,0,0
[INFO] 1666,833,8284,254,0,0
[INFO] 1668,834,8285,254,0,0
[INFO] 1670,835,8287,254,0,0
[INFO] 1672,836,8289,254,0,0
[INFO] 1674,837,8295,254,0,0
[INFO] 1676,838,8337,254,0,0
[INFO] 1678,839,8304,254,0,0
[INFO] 1680,840,8323,254,0,0
[INFO] 1682,841,8311,254,0,0
[INFO] 1684,842,8317,254,0,0
[INFO] 1686,843,8316,254,0,0
[INFO] 1688,844,8315,254,0,0
[INFO] 1690,845,8318,254,0,0
[INFO] 1692,846,8316,254,0,0
[INFO] 1694,847,8319,254,0,0
[INFO] 1696,848,8321,254,0,0
[INFO] 1698,849,8322,254,0,0
[INFO] 1700,850,8330,254,0,0
[INFO] 1702,851,8327,254,0,0
[INFO] 1704,852,8330,254,0,0
[INFO] 1706,853,8332,254,0,0
[INFO] 1708,854,8337,254,0,0
[INFO] 1710,855,8343,254,0,0
[INFO] 1712,856,8341,254,0,0
[INFO] 1714,857,8342,254,0,0
[INFO] 1716,858,8347,254,0,0
[INFO] 1718,859,8348,254,0,0
[INFO] 1720,860,8359,254,0,0
[INFO] 1722,861,8356,254,0,0
[INFO] 1724,862,8357,254,0,0
[INFO] 1726,863,8357,254,0,0
[INFO] 1728,864,8364,254,0,0
[INFO] 1730,865,8365,254,0,0
[INFO] 1732,866,8360,254,0,0
[INFO] 1734,867,8370,254,0,0
[INFO] 1736,868,8372,254,0,0
[INFO] 1738,869,8372,254,0,0
[INFO] 1740,870,8381,254,0,0
[INFO] 1742,871,8378,254,0,0
[INFO] 1744,872,8379,254,0,0
[INFO] 1746,873,8389,254,0,0
[INFO] 1748,874,8379,254,0,0
[INFO] 1750,875,8383,254,0,0
[INFO] 1752,876,8392,254,0,0
[INFO] 1754,877,8393,254,0,0
[INFO] 1756,878,8394,254,0,0
[INFO] 1758,879,8397,254,0,0
[INFO] 1760,880,8400,254,0,0
[INFO] 1762,881,8399,254,0,0
[INFO] 1764,882,8403,254,0,0
[INFO] 1766,883,8408,254,0,0
[INFO] 1768,884,8409,254,0,0
[INFO] 1770,885,8411,254,0,0
[INFO] 1772,886,8415,254,0,0
[INFO] 1774,887,8417,254,0,0
[INFO] 1776,888,8420,254,0,0
[INFO] 1778,889,8424,255,0,0
[INFO] 1780,890,8426,254,0,0
[INFO] 1782,891,8429,254,0,0
[INFO] 1784,892,8426,254,0,0
[INFO] 1786,893,8429,254,0,0
[INFO] 1788,894,8434,254,0,0
[INFO] 1790,895,8436,254,0,0
[INFO] 1792,896,8438,254,0,0
[INFO] 1794,897,8439,254,0,0
[INFO] 1796,898,8442,254,0,0
[INFO] 1798,899,8444,254,0,0
[INFO] 1800,900,8445,254,0,0
[INFO] 1802,901,8450,254,0,0
[INFO] 1804,902,8450,254,0,0
[INFO] 1806,903,8454,254,0,0
[INFO] 1808,904,8456,254,0,0
[INFO] 1810,905,8459,254,0,0
[INFO] 1812,906,8450,254,0,0
[INFO] 1814,907,8459,254,0,0
[INFO] 1816,908,8466,254,0,0
[INFO] 1818,909,8466,254,0,0
[INFO] 1820,910,8469,254,0,0
[INFO] 1822,911,8470,254,0,0
[INFO] 1824,912,8473,254,0,0
[INFO] 1826,913,8479,254,0,0
[INFO] 1828,914,8480,254,0,0
[INFO] 1830,915,8479,254,0,0
[INFO] 1832,916,8481,254,0,0
[INFO] 1834,917,8483,254,0,0
[INFO] 1836,918,8487,254,0,0
[INFO] 1838,919,8489,254,0,0
[INFO] 1840,920,8490,254,0,0
[INFO] 1842,921,8491,254,0,0
[INFO] 1844,922,8494,254,0,0
[INFO] 1846,923,8502,254,0,0
[INFO] 1848,924,8501,254,0,0
[INFO] 1850,925,8502,254,0,0
[INFO] 1852,926,8503,254,0,0
[INFO] 1854,927,8503,254,0,0
[INFO] 1856,928,8506,254,0,0
[INFO] 1858,929,8509,254,0,0
[INFO] 1860,930,8513,254,0,0
[INFO] 1862,931,8514,254,0,0
[INFO] 1864,932,8516,254,0,0
[INFO] 1866,933,8518,254,0,0
[INFO] 1868,934,8522,254,0,0
[INFO] 1870,935,8529,254,0,0
[INFO] 1872,936,8537,254,0,0
[INFO] 1874,937,8529,254,0,0
[INFO] 1876,938,8535,254,0,0
[INFO] 1878,939,8534,254,0,0
[INFO] 1880,940,8533,254,0,0
[INFO] 1882,941,8534,254,0,0
[INFO] 1884,942,8534,254,0,0
[INFO] 1886,943,8535,254,0,0
[INFO] 1888,944,8540,254,0,0
[INFO] 1890,945,8544,254,0,0
[INFO] 1892,946,8542,254,0,0
[INFO] 1894,947,8544,254,0,0
[INFO] 1896,948,8547,254,0,0
[INFO] 1898,949,8550,254,0,0
[INFO] 1900,950,8552,254,0,0
[INFO] 1902,951,8551,254,0,0
[INFO] 1904,952,8556,254,0,0
[INFO] 1906,953,8560,254,0,0
[INFO] 1908,954,8562,254,0,0
[INFO] 1910,955,8565,254,0,0
[INFO] 1912,956,8566,254,0,0
[INFO] 1914,957,8565,254,0,0
[INFO] 1916,958,8567,254,0,0
[INFO] 1918,959,8571,254,0,0
[INFO] 1920,960,8571,254,0,0
[INFO] 1922,961,8573,254,0,0
[INFO] 1924,962,8576,254,0,0
[INFO] 1926,963,8580,254,0,0
[INFO] 1928,964,8581,254,0,0
[INFO] 1930,965,8585,254,0,0
[INFO] 1932,966,8586,254,0,0
[INFO] 1934,967,8588,254,0,0
[INFO] 1936,968,8597,254,0,0
[INFO] 1938,969,8589,254,0,0
[INFO] 1940,970,8588,254,0,0
[INFO] 1942,971,8592,254,0,0
[INFO] 1944,972,8595,254,0,0
[INFO] 1946,973,8596,254,0,0
[INFO] 1948,974,8600,254,0,0
[INFO] 1950,975,8604,254,0,0
[INFO] 1952,976,8600,254,0,0
[INFO] 1954,977,8605,254,0,0
[INFO] 1956,978,8607,254,0,0
[INFO] 1958,979,8607,254,0,0
[INFO] 1960,980,8610,254,0,0
[INFO] 1962,981,8612,254,0,0
[INFO] 1964,982,8616,254,0,0
[INFO] 1966,983,8619,254,0,0
[INFO] 1968,984,8623,254,0,0
[INFO] 1970,985,8621,254,0,0
[INFO] 1972,986,8626,254,0,0
[INFO] 1974,987,8627,254,0,0
[INFO] 1976,988,8628,254,0,0
[INFO] 1978,989,8631,254,0,0
[INFO] 1980,990,8634,254,0,0
[INFO] 1982,991,8632,254,0,0
[INFO] 1984,992,8635,254,0,0
[INFO] 1986,993,8638,254,0,0
[INFO] 1988,994,8639,254,0,0
[INFO] 1990,995,8642,254,0,0
[INFO] 1992,996,8643,254,0,0
[INFO] 1994,997,8646,254,0,0
[INFO] 1996,998,8649,254,0,0
[INFO] 1998,999,8648,254,0,0
[INFO] 2000,1000,8653,254,0,0
[INFO] 2002,1001,8651,254,0,0
[INFO] 2004,1002,8653,254,0,0
[INFO] 2006,1003,8656,254,0,0
[INFO] 2008,1004,8658,254,0,0
[INFO] 2010,1005,8660,254,0,0
[INFO] 2012,1006,8662,254,0,0
[INFO] 2014,1007,8665,254,0,0
[INFO] 2016,1008,8666,254,0,0
[INFO] 2018,1009,8664,254,0,0
[INFO] 2020,1010,8669,254,0,0
[INFO] 2022,1011,8671,254,0,0
[INFO] 2024,1012,8672,254,0,0
[INFO] 2026,1013,8678,254,0,0
[INFO] 2028,1014,8675,254,0,0
[INFO] 2030,1015,8678,254,0,0
[INFO] 2032,1016,8676,254,0,0
[INFO] 2034,1017,8679,254,0,0
[INFO] 2036,1018,8682,254,0,0
[INFO] 2038,1019,8681,254,0,0
[INFO] 2040,1020,8690,254,0,0
[INFO] 2042,1021,8684,254,0,0
[INFO] 2044,1022,8686,254,0,0
[INFO] 2046,1023,8688,254,0,0
[INFO] 2048,1024,8689,254,0,0
[INFO] 2050,1025,8692,254,0,0
[INFO] 2052,1026,8691,254,0,0
[INFO] 2054,1027,8694,254,0,0
[INFO] 2056,1028,8696,254,0,0
[INFO] 2058,1029,8735,254,0,0
[INFO] 2060,1030,8706,254,0,0
[INFO] 2062,1031,8719,254,0,0
[INFO] 2064,1032,8713,254,0,0
[INFO] 2066,1033,8716,254,0,0
[INFO] 2068,1034,8715,254,0,0
[INFO] 2070,1035,8714,254,0,0
[INFO] 2072,1036,8713,254,0,0
[INFO] 2074,1037,8713,254,0,0
[INFO] 2076,1038,8713,254,0,0
[INFO] 2078,1039,8715,254,0,0
[INFO] 2080,1040,8715,254,0,0
[INFO] 2082,1041,8720,254,0,0
[INFO] 2084,1042,8719,254,0,0
[INFO] 2086,1043,8721,254,0,0
[INFO] 2088,1044,8723,254,0,0
[INFO] 2090,1045,8730,254,0,0
[INFO] 2092,1046,8733,254,0,0
[INFO] 2094,1047,8731,254,0,0
[INFO] 2096,1048,8732,254,0,0
[INFO] 2098,1049,8732,254,0,0
[INFO] 2100,1050,8733,254,0,0
[INFO] 2102,1051,8742,254,0,0
[INFO] 2104,1052,8737,254,0,0
[INFO] 2106,1053,8740,254,0,0
[INFO] 2108,1054,8739,254,0,0
[INFO] 2110,1055,8743,254,0,0
[INFO] 2112,1056,8748,254,0,0
[INFO] 2114,1057,8748,254,0,0
[INFO] 2116,1058,8748,254,0,0
[INFO] 2118,1059,8746,254,0,0
[INFO] 2120,1060,8749,254,0,0
[INFO] 2122,1061,8754,254,0,0
[INFO] 2124,1062,8753,254,0,0
[INFO] 2126,1063,8755,254,0,0
[INFO] 2128,1064,8761,254,0,0
[INFO] 2130,1065,8757,254,0,0
[INFO] 2132,1066,8759,254,0,0
[INFO] 2134,1067,8764,254,0,0
[INFO] 2136,1068,8764,254,0,0
[INFO] 2138,1069,8764,254,0,0
[INFO] 2140,1070,8766,254,0,0
[INFO] 2142,1071,8766,254,0,0
[INFO] 2144,1072,8768,254,0,0
[INFO] 2146,1073,8774,254,0,0
[INFO] 2148,1074,8775,254,0,0
[INFO] 2150,1075,8775,254,0,0
[INFO] 2152,1076,8776,254,0,0
[INFO] 2154,1077,8779,254,0,0
[INFO] 2156,1078,8779,254,0,0
[INFO] 2158,1079,8783,254,0,0
[INFO] 2160,1080,8789,254,0,0
[INFO] 2162,1081,8788,254,0,0
[INFO] 2164,1082,8787,254,0,0
[INFO] 2166,1083,8785,254,0,0
[INFO] 2168,1084,8788,254,0,0
[INFO] 2170,1085,8789,254,0,0
[INFO] 2172,1086,8791,254,0,0
[INFO] 2174,1087,8798,254,0,0
[INFO] 2176,1088,8797,254,0,0
[INFO] 2178,1089,8797,254,0,0
[INFO] 2180,1090,8796,254,0,0
[INFO] 2182,1091,8799,254,0,0
[INFO] 2184,1092,8803,254,0,0
[INFO] 2186,1093,8806,254,0,0
[INFO] 2188,1094,8806,254,0,0
[INFO] 2190,1095,8807,254,0,0
[INFO] 2192,1096,8809,254,0,0
[INFO] 2194,1097,8802,254,0,0
[INFO] 2196,1098,8807,254,0,0
[INFO] 2198,1099,8815,254,0,0
[INFO] 2200,1100,8815,254,0,0
[INFO] 2202,1101,8816,254,0,0
[INFO] 2204,1102,8816,254,0,0
[INFO] 2206,1103,8817,254,0,0
[INFO] 2208,1104,8821,254,0,0
[INFO] 2210,1105,8826,254,0,0
[INFO] 2212,1106,8823,254,0,0
[INFO] 2214,1107,8824,254,0,0
[INFO] 2216,1108,8825,254,0,0
[INFO] 2218,1109,8826,254,0,0
[INFO] 2220,1110,8833,254,0,0
[INFO] 2222,1111,8829,254,0,0
[INFO] 2224,1112,8830,254,0,0
[INFO] 2226,1113,8832,254,0,0
[INFO] 2228,1114,8838,254,0,0
[INFO] 2230,1115,8840,254,0,0
[INFO] 2232,1116,8840,254,0,0
[INFO] 2234,1117,8839,254,0,0
[INFO] 2236,1118,8839,254,0,0
[INFO] 2238,1119,8841,254,0,0
[INFO] 2240,1120,8846,254,0,0
[INFO] 2242,1121,8846,254,0,0
[INFO] 2244,1122,8846,254,0,0
[INFO] 2246,1123,8847,254,0,0
[INFO] 2248,1124,8849,254,0,0
[INFO] 2250,1125,8856,254,0,0
[INFO] 2252,1126,8859,254,0,0
[INFO] 2254,1127,8862,256,0,0
[INFO] 2256,1128,8855,254,0,0
[INFO] 2258,1129,8862,254,0,0
[INFO] 2260,1130,8863,254,0,0
[INFO] 2262,1131,8861,254,0,0
[INFO] 2264,1132,8860,254,0,0
[INFO] 2266,1133,8860,254,0,0
[INFO] 2268,1134,8864,254,0,0
[INFO] 2270,1135,8865,254,0,0
[INFO] 2272,1136,8864,254,0,0
[INFO] 2274,1137,8865,254,0,0
[INFO] 2276,1138,8867,254,0,0
[INFO] 2278,1139,8872,254,0,0
[INFO] 2280,1140,8872,254,0,0
[INFO] 2282,1141,8873,254,0,0
[INFO] 2284,1142,8872,254,0,0
[INFO] 2286,1143,8878,254,0,0
[INFO] 2288,1144,8877,254,0,0
[INFO] 2290,1145,8877,254,0,0
[INFO] 2292,1146,8879,254,0,0
[INFO] 2294,1147,8886,254,0,0
[INFO] 2296,1148,8883,254,0,0
[INFO] 2298,1149,8883,254,0,0
[INFO] 2300,1150,8886,254,0,0
[INFO] 2302,1151,8890,254,0,0
[INFO] 2304,1152,8889,254,0,0
[INFO] 2306,1153,8888,254,0,0
[INFO] 2308,1154,8892,254,0,0
[INFO] 2310,1155,8896,254,0,0
[INFO] 2312,1156,8896,254,0,0
[INFO] 2314,1157,8894,254,0,0
[INFO] 2316,1158,8895,254,0,0
[INFO] 2318,1159,8909,254,0,0
[INFO] 2320,1160,8899,254,0,0
[INFO] 2322,1161,8898,254,0,0
[INFO] 2324,1162,8900,254,0,0
[INFO] 2326,1163,8906,254,0,0
[INFO] 2328,1164,8904,254,0,0
[INFO] 2330,1165,8906,254,0,0
[INFO] 2332,1166,8909,254,0,0
[INFO] 2334,1167,8909,254,0,0
[INFO] 2336,1168,8908,254,0,0
[INFO] 2338,1169,8911,254,0,0
[INFO] 2340,1170,8911,254,0,0
[INFO] 2342,1171,8914,254,0,0
[INFO] 2344,1172,8913,254,0,0
[INFO] 2346,1173,8915,254,0,0
[INFO] 2348,1174,8923,254,0,0
[INFO] 2350,1175,8923,254,0,0
[INFO] 2352,1176,8919,254,0,0
[INFO] 2354,1177,8923,254,0,0
[INFO] 2356,1178,8926,254,0,0
[INFO] 2358,1179,8924,254,0,0
[INFO] 2360,1180,8925,254,0,0
[INFO] 2362,1181,8932,254,0,0
[INFO] 2364,1182,8929,254,0,0
[INFO] 2366,1183,8928,254,0,0
[INFO] 2368,1184,8930,254,0,0
[INFO] 2370,1185,8934,254,0,0
[INFO] 2372,1186,8933,254,0,0
[INFO] 2374,1187,8933,254,0,0
[INFO] 2376,1188,8940,254,0,0
[INFO] 2378,1189,8939,254,0,0
[INFO] 2380,1190,8937,254,0,0
[INFO] 2382,1191,8940,254,0,0
[INFO] 2384,1192,8941,254,0,0
[INFO] 2386,1193,8940,254,0,0
[INFO] 2388,1194,8943,254,0,0
[INFO] 2390,1195,8948,254,0,0
[INFO] 2392,1196,8946,254,0,0
[INFO] 2394,1197,8947,254,0,0
[INFO] 2396,1198,8954,254,0,0
[INFO] 2398,1199,8952,254,0,0
[INFO] 2400,1200,8948,254,0,0
[INFO] 2402,1201,8953,254,0,0
[INFO] 2404,1202,8956,254,0,0
[INFO] 2406,1203,8955,254,0,0
[INFO] 2408,1204,8960,254,0,0
[INFO] 2410,1205,8956,254,0,0
[INFO] 2412,1206,8960,254,0,0
[INFO] 2414,1207,8959,254,0,0
[INFO] 2416,1208,8962,254,0,0
[INFO] 2418,1209,8964,254,0,0
[INFO] 2420,1210,8963,254,0,0
[INFO] 2422,1211,8974,254,0,0
[INFO] 2424,1212,8966,254,0,0
[INFO] 2426,1213,8967,254,0,0
[INFO] 2428,1214,8973,254,0,0
[INFO] 2430,1215,8970,254,0,0
[INFO] 2432,1216,8971,254,0,0
[INFO] 2434,1217,8977,254,0,0
[INFO] 2436,1218,8974,254,0,0
[INFO] 2438,1219,8975,254,0,0
[INFO] 2440,1220,9011,254,0,0
[INFO] 2442,1221,8983,254,0,0
[INFO] 2444,1222,8992,254,0,0
[INFO] 2446,1223,8985,254,0,0
[INFO] 2448,1224,8988,254,0,0
[INFO] 2450,1225,8986,254,0,0
[INFO] 2452,1226,8986,254,0,0
[INFO] 2454,1227,8986,254,0,0
[INFO] 2456,1228,8985,254,0,0
[INFO] 2458,1229,8991,254,0,0
[INFO] 2460,1230,8989,254,0,0
[INFO] 2462,1231,8988,254,0,0
[INFO] 2464,1232,8995,254,0,0
[INFO] 2466,1233,8991,254,0,0
[INFO] 2468,1234,8991,254,0,0
[INFO] 2470,1235,8997,254,0,0
[INFO] 2472,1236,8996,254,0,0
[INFO] 2474,1237,8998,254,0,0
[INFO] 2476,1238,9001,254,0,0
[INFO] 2478,1239,8998,254,0,0
[INFO] 2480,1240,8999,254,0,0
[INFO] 2482,1241,9004,254,0,0
[INFO] 2484,1242,9007,254,0,0
[INFO] 2486,1243,9003,254,0,0
[INFO] 2488,1244,9007,254,0,0
[INFO] 2490,1245,9004,254,0,0
[INFO] 2492,1246,9007,254,0,0
[INFO] 2494,1247,9011,254,0,0
[INFO] 2496,1248,9005,254,0,0
[INFO] 2498,1249,9015,254,0,0
[INFO] 2500,1250,9010,254,0,0
[INFO] 2502,1251,9012,254,0,0
[INFO] 2504,1252,9020,254,0,0
[INFO] 2506,1253,9015,254,0,0
[INFO] 2508,1254,9015,254,0,0
[INFO] 2510,1255,9024,254,0,0
[INFO] 2512,1256,9014,254,0,0
[INFO] 2514,1257,9017,254,0,0
[INFO] 2516,1258,9023,254,0,0
[INFO] 2518,1259,9022,254,0,0
[INFO] 2520,1260,9028,254,0,0
[INFO] 2522,1261,9025,254,0,0
[INFO] 2524,1262,9024,254,0,0
[INFO] 2526,1263,9028,254,0,0
[INFO] 2528,1264,9026,254,0,0
[INFO] 2530,1265,9029,254,0,0
[INFO] 2532,1266,9032,254,0,0
[INFO] 2534,1267,9031,254,0,0
[INFO] 2536,1268,9038,254,0,0
[INFO] 2538,1269,9033,254,0,0
[INFO] 2540,1270,9036,254,0,0
[INFO] 2542,1271,9042,255,0,0
[INFO] 2544,1272,9038,254,0,0
[INFO] 2546,1273,9039,254,0,0
[INFO] 2548,1274,9040,254,0,0
[INFO] 2550,1275,9040,254,0,0
[INFO] 2552,1276,9045,254,0,0
[INFO] 2554,1277,9041,254,0,0
[INFO] 2556,1278,9045,254,0,0
[INFO] 2558,1279,9047,254,0,0
[INFO] 2560,1280,9045,254,0,0
[INFO] 2562,1281,9051,254,0,0
[INFO] 2564,1282,9048,254,0,0
[INFO] 2566,1283,9051,254,0,0
[INFO] 2568,1284,9053,254,0,0
[INFO] 2570,1285,9051,254,0,0
[INFO] 2572,1286,9059,254,0,0
[INFO] 2574,1287,9056,254,0,0
[INFO] 2576,1288,9049,254,0,0
[INFO] 2578,1289,9056,254,0,0
[INFO] 2580,1290,9056,254,0,0
[INFO] 2582,1291,9058,254,0,0
[INFO] 2584,1292,9061,254,0,0
[INFO] 2586,1293,9060,254,0,0
[INFO] 2588,1294,9064,254,0,0
[INFO] 2590,1295,9063,254,0,0
[INFO] 2592,1296,9071,254,0,0
[INFO] 2594,1297,9065,254,0,0
[INFO] 2596,1298,9066,254,0,0
[INFO] 2598,1299,9069,254,0,0
[INFO] 2600,1300,9067,254,0,0
[INFO] 2602,1301,9075,254,0,0
[INFO] 2604,1302,9070,254,0,0
[INFO] 2606,1303,9071,254,0,0
[INFO] 2608,1304,9074,254,0,0
[INFO] 2610,1305,9076,254,0,0
[INFO] 2612,1306,9079,254,0,0
[INFO] 2614,1307,9076,254,0,0
[INFO] 2616,1308,9077,254,0,0
[INFO] 2618,1309,9078,254,0,0
[INFO] 2620,1310,9078,254,0,0
[INFO] 2622,1311,9082,254,0,0
[INFO] 2624,1312,9080,254,0,0
[INFO] 2626,1313,9087,254,0,0
[INFO] 2628,1314,9083,254,0,0
[INFO] 2630,1315,9085,254,0,0
[INFO] 2632,1316,9089,254,0,0
[INFO] 2634,1317,9091,254,0,0
[INFO] 2636,1318,9099,256,0,0
[INFO] 2638,1319,9088,254,0,0
[INFO] 2640,1320,9099,254,0,0
[INFO] 2642,1321,9093,254,0,0
[INFO] 2644,1322,9092,254,0,0
[INFO] 2646,1323,9094,254,0,0
[INFO] 2648,1324,9092,254,0,0
[INFO] 2650,1325,9095,254,0,0
[INFO] 2652,1326,9094,254,0,0
[INFO] 2654,1327,9101,254,0,0
[INFO] 2656,1328,9095,254,0,0
[INFO] 2658,1329,9097,254,0,0
[INFO] 2660,1330,9100,254,0,0
[INFO] 2662,1331,9100,254,0,0
[INFO] 2664,1332,9105,254,0,0
[INFO] 2666,1333,9100,254,0,0
[INFO] 2668,1334,9108,254,0,0
[INFO] 2670,1335,9104,254,0,0
[INFO] 2672,1336,9105,254,0,0
[INFO] 2674,1337,9107,254,0,0
[INFO] 2676,1338,9109,254,0,0
[INFO] 2678,1339,9110,254,0,0
[INFO] 2680,1340,9109,254,0,0
[INFO] 2682,1341,9115,254,0,0
[INFO] 2684,1342,9111,254,0,0
[INFO] 2686,1343,9117,254,0,0
[INFO] 2688,1344,9112,254,0,0
[INFO] 2690,1345,9116,254,0,0
[INFO] 2692,1346,9116,254,0,0
[INFO] 2694,1347,9117,254,0,0
[INFO] 2696,1348,9120,254,0,0
[INFO] 2698,1349,9118,254,0,0
[INFO] 2700,1350,9129,254,0,0
[INFO] 2702,1351,9120,254,0,0
[INFO] 2704,1352,9124,254,0,0
[INFO] 2706,1353,9121,254,0,0
[INFO] 2708,1354,9129,254,0,0
[INFO] 2710,1355,9123,254,0,0
[INFO] 2712,1356,9126,254,0,0
[INFO] 2714,1357,9129,254,0,0
[INFO] 2716,1358,9126,254,0,0
[INFO] 2718,1359,9131,254,0,0
[INFO] 2720,1360,9129,254,0,0
[INFO] 2722,1361,9132,254,0,0
[INFO] 2724,1362,9130,254,0,0
[INFO] 2726,1363,9135,254,0,0
[INFO] 2728,1364,9133,254,0,0
[INFO] 2730,1365,9140,254,0,0
[INFO] 2732,1366,9137,254,0,0
[INFO] 2734,1367,9136,254,0,0
[INFO] 2736,1368,9138,254,0,0
[INFO] 2738,1369,9139,254,0,0
[INFO] 2740,1370,9140,254,0,0
[INFO] 2742,1371,9140,254,0,0
[INFO] 2744,1372,9144,254,0,0
[INFO] 2746,1373,9141,254,0,0
[INFO] 2748,1374,9145,254,0,0
[INFO] 2750,1375,9144,254,0,0
[INFO] 2752,1376,9147,254,0,0
[INFO] 2754,1377,9143,254,0,0
[INFO] 2756,1378,9149,254,0,0
[INFO] 2758,1379,9147,254,0,0
[INFO] 2760,1380,9154,254,0,0
[INFO] 2762,1381,9148,254,0,0
[INFO] 2764,1382,9156,254,0,0
[INFO] 2766,1383,9149,254,0,0
[INFO] 2768,1384,9157,254,0,0
[INFO] 2770,1385,9153,254,0,0
[INFO] 2772,1386,9154,254,0,0
[INFO] 2774,1387,9156,254,0,0
[INFO] 2776,1388,9157,254,0,0
[INFO] 2778,1389,9159,254,0,0
[INFO] 2780,1390,9159,254,0,0
[INFO] 2782,1391,9158,254,0,0
[INFO] 2784,1392,9161,254,0,0
[INFO] 2786,1393,9161,254,0,0
[INFO] 2788,1394,9162,254,0,0
[INFO] 2790,1395,9168,254,0,0
[INFO] 2792,1396,9164,254,0,0
[INFO] 2794,1397,9168,254,0,0
[INFO] 2796,1398,9165,254,0,0
[INFO] 2798,1399,9169,254,0,0
[INFO] 2800,1400,9169,254,0,0
[INFO] 2802,1401,9171,254,0,0
[INFO] 2804,1402,9174,254,0,0
[INFO] 2806,1403,9173,254,0,0
[INFO] 2808,1404,9171,254,0,0
[INFO] 2810,1405,9175,254,0,0
[INFO] 2812,1406,9172,254,0,0
[INFO] 2814,1407,9177,254,0,0
[INFO] 2816,1408,9173,254,0,0
[INFO] 2818,1409,9178,254,0,0
[INFO] 2820,1410,9177,254,0,0
[INFO] 2822,1411,9206,254,0,0
[INFO] 2824,1412,9182,254,0,0
[INFO] 2826,1413,9194,254,0,0
[INFO] 2828,1414,9185,254,0,0
[INFO] 2830,1415,9190,254,0,0
[INFO] 2832,1416,9186,254,0,0
[INFO] 2834,1417,9188,254,0,0
[INFO] 2836,1418,9185,254,0,0
[INFO] 2838,1419,9188,254,0,0
[INFO] 2840,1420,9185,254,0,0
[INFO] 2842,1421,9187,254,0,0
[INFO] 2844,1422,9187,254,0,0
[INFO] 2846,1423,9192,254,0,0
[INFO] 2848,1424,9188,254,0,0
[INFO] 2850,1425,9192,254,0,0
[INFO] 2852,1426,9190,254,0,0
[INFO] 2854,1427,9195,254,0,0
[INFO] 2856,1428,9195,254,0,0
[INFO] 2858,1429,9195,254,0,0
[INFO] 2860,1430,9194,254,0,0
[INFO] 2862,1431,9197,254,0,0
[INFO] 2864,1432,9196,254,0,0
[INFO] 2866,1433,9204,254,0,0
[INFO] 2868,1434,9198,254,0,0
[INFO] 2870,1435,9206,254,0,0
[INFO] 2872,1436,9199,254,0,0
[INFO] 2874,1437,9202,254,0,0
[INFO] 2876,1438,9203,254,0,0
[INFO] 2878,1439,9203,254,0,0
[INFO] 2880,1440,9204,254,0,0
[INFO] 2882,1441,9205,254,0,0
[INFO] 2884,1442,9211,254,0,0
[INFO] 2886,1443,9207,254,0,0
[INFO] 2888,1444,9213,254,0,0
[INFO] 2890,1445,9207,254,0,0
[INFO] 2892,1446,9217,254,0,0
[INFO] 2894,1447,9206,254,0,0
[INFO] 2896,1448,9213,254,0,0
[INFO] 2898,1449,9212,254,0,0
[INFO] 2900,1450,9217,254,0,0
[INFO] 2902,1451,9213,254,0,0
[INFO] 2904,1452,9218,254,0,0
[INFO] 2906,1453,9214,254,0,0
[INFO] 2908,1454,9217,254,0,0
[INFO] 2910,1455,9216,254,0,0
[INFO] 2912,1456,9219,254,0,0
[INFO] 2914,1457,9219,254,0,0
[INFO] 2916,1458,9220,254,0,0
[INFO] 2918,1459,9221,254,0,0
[INFO] 2920,1460,9221,254,0,0
[INFO] 2922,1461,9224,254,0,0
[INFO] 2924,1462,9225,254,0,0
[INFO] 2926,1463,9230,254,0,0
[INFO] 2928,1464,9225,254,0,0
[INFO] 2930,1465,9229,254,0,0
[INFO] 2932,1466,9226,254,0,0
[INFO] 2934,1467,9230,254,0,0
[INFO] 2936,1468,9227,254,0,0
[INFO] 2938,1469,9232,254,0,0
[INFO] 2940,1470,9230,254,0,0
[INFO] 2942,1471,9232,254,0,0
[INFO] 2944,1472,9231,254,0,0
[INFO] 2946,1473,9232,254,0,0
[INFO] 2948,1474,9235,254,0,0
[INFO] 2950,1475,9233,254,0,0
[INFO] 2952,1476,9240,254,0,0
[INFO] 2954,1477,9236,254,0,0
[INFO] 2956,1478,9243,254,0,0
[INFO] 2958,1479,9232,254,0,0
[INFO] 2960,1480,9239,254,0,0
[INFO] 2962,1481,9239,254,0,0
[INFO] 2964,1482,9242,254,0,0
[INFO] 2966,1483,9241,254,0,0
[INFO] 2968,1484,9242,254,0,0
[INFO] 2970,1485,9242,254,0,0
[INFO] 2972,1486,9244,254,0,0
[INFO] 2974,1487,9251,254,0,0
[INFO] 2976,1488,9244,254,0,0
[INFO] 2978,1489,9250,254,0,0
[INFO] 2980,1490,9246,254,0,0
[INFO] 2982,1491,9250,254,0,0
[INFO] 2984,1492,9247,254,0,0
[INFO] 2986,1493,9250,254,0,0
[INFO] 2988,1494,9249,254,0,0
[INFO] 2990,1495,9250,254,0,0
[INFO] 2992,1496,9260,254,0,0
[INFO] 2994,1497,9252,254,0,0
[INFO] 2996,1498,9258,254,0,0
[INFO] 2998,1499,9254,254,0,0
[INFO] 3000,1500,9257,254,0,0
[INFO] 3002,1501,9255,254,0,0
[INFO] 3004,1502,9257,254,0,0
[INFO] 3006,1503,9257,254,0,0
[INFO] 3008,1504,9258,254,0,0
[INFO] 3010,1505,9265,254,0,0
[INFO] 3012,1506,9259,254,0,0
[INFO] 3014,1507,9266,254,0,0
[INFO] 3016,1508,9265,254,0,0
[INFO] 3018,1509,9272,254,0,0
[INFO] 3020,1510,9263,254,0,0
[INFO] 3022,1511,9269,254,0,0
[INFO] 3024,1512,9267,254,0,0
[INFO] 3026,1513,9265,254,0,0
[INFO] 3028,1514,9272,254,0,0
[INFO] 3030,1515,9265,254,0,0
[INFO] 3032,1516,9269,254,0,0
[INFO] 3034,1517,9267,254,0,0
[INFO] 3036,1518,9270,254,0,0
[INFO] 3038,1519,9268,254,0,0
[INFO] 3040,1520,9269,254,0,0
[INFO] 3042,1521,9277,254,0,0
[INFO] 3044,1522,9272,254,0,0
[INFO] 3046,1523,9277,254,0,0
[INFO] 3048,1524,9271,254,0,0
[INFO] 3050,1525,9276,254,0,0
[INFO] 3052,1526,9275,254,0,0
[INFO] 3054,1527,9275,254,0,0
[INFO] 3056,1528,9283,254,0,0
[INFO] 3058,1529,9278,254,0,0
[INFO] 3060,1530,9282,254,0,0
[INFO] 3062,1531,9279,254,0,0
[INFO] 3064,1532,9283,254,0,0
[INFO] 3066,1533,9281,254,0,0
[INFO] 3068,1534,9281,254,0,0
[INFO] 3070,1535,9288,254,0,0
[INFO] 3072,1536,9283,254,0,0
[INFO] 3074,1537,9287,254,0,0
[INFO] 3076,1538,9285,254,0,0
[INFO] 3078,1539,9287,254,0,0
[INFO] 3080,1540,9286,254,0,0
[INFO] 3082,1541,9291,254,0,0
[INFO] 3084,1542,9292,254,0,0
[INFO] 3086,1543,9287,254,0,0
[INFO] 3088,1544,9291,254,0,0
[INFO] 3090,1545,9290,254,0,0
[INFO] 3092,1546,9290,254,0,0
[INFO] 3094,1547,9292,254,0,0
[INFO] 3096,1548,9293,254,0,0
[INFO] 3098,1549,9296,254,0,0
[INFO] 3100,1550,9294,254,0,0
[INFO] 3102,1551,9296,254,0,0
[INFO] 3104,1552,9294,254,0,0
[INFO] 3106,1553,9295,254,0,0
[INFO] 3108,1554,9302,254,0,0
[INFO] 3110,1555,9297,254,0,0
[INFO] 3112,1556,9302,254,0,0
[INFO] 3114,1557,9301,254,0,0
[INFO] 3116,1558,9299,254,0,0
[INFO] 3118,1559,9307,254,0,0
[INFO] 3120,1560,9301,254,0,0
[INFO] 3122,1561,9306,254,0,0
[INFO] 3124,1562,9303,254,0,0
[INFO] 3126,1563,9305,254,0,0
[INFO] 3128,1564,9304,254,0,0
[INFO] 3130,1565,9304,254,0,0
[INFO] 3132,1566,9309,254,0,0
[INFO] 3134,1567,9305,254,0,0
[INFO] 3136,1568,9308,254,0,0
[INFO] 3138,1569,9307,254,0,0
[INFO] 3140,1570,9308,254,0,0
[INFO] 3142,1571,9315,254,0,0
[INFO] 3144,1572,9309,254,0,0
[INFO] 3146,1573,9313,254,0,0
[INFO] 3148,1574,9310,254,0,0
[INFO] 3150,1575,9311,254,0,0
[INFO] 3152,1576,9318,254,0,0
[INFO] 3154,1577,9313,254,0,0
[INFO] 3156,1578,9317,254,0,0
[INFO] 3158,1579,9315,254,0,0
[INFO] 3160,1580,9316,254,0,0
[INFO] 3162,1581,9322,254,0,0
[INFO] 3164,1582,9315,254,0,0
[INFO] 3166,1583,9321,254,0,0
[INFO] 3168,1584,9319,254,0,0
[INFO] 3170,1585,9319,254,0,0
[INFO] 3172,1586,9328,254,0,0
[INFO] 3174,1587,9317,254,0,0
[INFO] 3176,1588,9325,254,0,0
[INFO] 3178,1589,9322,254,0,0
[INFO] 3180,1590,9320,254,0,0
[INFO] 3182,1591,9329,254,0,0
[INFO] 3184,1592,9324,254,0,0
[INFO] 3186,1593,9331,254,0,0
[INFO] 3188,1594,9326,254,0,0
[INFO] 3190,1595,9326,254,0,0
[INFO] 3192,1596,9332,254,0,0
[INFO] 3194,1597,9327,254,0,0
[INFO] 3196,1598,9330,254,0,0
[INFO] 3198,1599,9336,254,0,0
[INFO] 3200,1600,9329,254,0,0
[INFO] 3202,1601,9335,254,0,0
[INFO] 3204,1602,9352,254,0,0
[INFO] 3206,1603,9336,254,0,0
[INFO] 3208,1604,9349,254,0,0
[INFO] 3210,1605,9337,254,0,0
[INFO] 3212,1606,9342,254,0,0
[INFO] 3214,1607,9339,254,0,0
[INFO] 3216,1608,9337,254,0,0
[INFO] 3218,1609,9342,254,0,0
[INFO] 3220,1610,9337,254,0,0
[INFO] 3222,1611,9339,254,0,0
[INFO] 3224,1612,9336,254,0,0
[INFO] 3226,1613,9338,254,0,0
[INFO] 3228,1614,9344,254,0,0
[INFO] 3230,1615,9340,254,0,0
[INFO] 3232,1616,9341,254,0,0
[INFO] 3234,1617,9347,254,0,0
[INFO] 3236,1618,9343,254,0,0
[INFO] 3238,1619,9345,254,0,0
[INFO] 3240,1620,9344,254,0,0
[INFO] 3242,1621,9344,254,0,0
[INFO] 3244,1622,9350,254,0,0
[INFO] 3246,1623,9346,254,0,0
[INFO] 3248,1624,9352,254,0,0
[INFO] 3250,1625,9354,254,0,0
[INFO] 3252,1626,9348,254,0,0
[INFO] 3254,1627,9351,254,0,0
[INFO] 3256,1628,9350,254,0,0
[INFO] 3258,1629,9351,254,0,0
[INFO] 3260,1630,9353,254,0,0
[INFO] 3262,1631,9351,254,0,0
[INFO] 3264,1632,9354,254,0,0
[INFO] 3266,1633,9353,254,0,0
[INFO] 3268,1634,9355,254,0,0
[INFO] 3270,1635,9358,254,0,0
[INFO] 3272,1636,9355,254,0,0
[INFO] 3274,1637,9358,254,0,0
[INFO] 3276,1638,9358,254,0,0
[INFO] 3278,1639,9355,254,0,0
[INFO] 3280,1640,9359,254,0,0
[INFO] 3282,1641,9366,254,0,0
[INFO] 3284,1642,9359,254,0,0
[INFO] 3286,1643,9363,254,0,0
[INFO] 3288,1644,9359,254,0,0
[INFO] 3290,1645,9359,254,0,0
[INFO] 3292,1646,9366,254,0,0
[INFO] 3294,1647,9362,254,0,0
[INFO] 3296,1648,9364,254,0,0
[INFO] 3298,1649,9370,254,0,0
[INFO] 3300,1650,9365,254,0,0
[INFO] 3302,1651,9367,254,0,0
[INFO] 3304,1652,9367,254,0,0
[INFO] 3306,1653,9368,254,0,0
[INFO] 3308,1654,9372,254,0,0
[INFO] 3310,1655,9369,254,0,0
[INFO] 3312,1656,9368,254,0,0
[INFO] 3314,1657,9374,254,0,0
[INFO] 3316,1658,9369,254,0,0
[INFO] 3318,1659,9371,254,0,0
[INFO] 3320,1660,9379,254,0,0
[INFO] 3322,1661,9372,254,0,0
[INFO] 3324,1662,9375,254,0,0
[INFO] 3326,1663,9373,254,0,0
[INFO] 3328,1664,9373,254,0,0
[INFO] 3330,1665,9380,254,0,0
[INFO] 3332,1666,9375,254,0,0
[INFO] 3334,1667,9375,254,0,0
[INFO] 3336,1668,9382,254,0,0
[INFO] 3338,1669,9379,254,0,0
[INFO] 3340,1670,9374,254,0,0
[INFO] 3342,1671,9383,254,0,0
[INFO] 3344,1672,9379,254,0,0
[INFO] 3346,1673,9381,254,0,0
[INFO] 3348,1674,9388,254,0,0
[INFO] 3350,1675,9381,254,0,0
[INFO] 3352,1676,9384,254,0,0
[INFO] 3354,1677,9384,254,0,0
[INFO] 3356,1678,9384,254,0,0
[INFO] 3358,1679,9387,254,0,0
[INFO] 3360,1680,9385,254,0,0
[INFO] 3362,1681,9384,254,0,0
[INFO] 3364,1682,9390,254,0,0
[INFO] 3366,1683,9387,254,0,0
[INFO] 3368,1684,9385,254,0,0
[INFO] 3370,1685,9393,254,0,0
[INFO] 3372,1686,9388,254,0,0
[INFO] 3374,1687,9392,254,0,0
[INFO] 3376,1688,9396,254,0,0
[INFO] 3378,1689,9391,254,0,0
[INFO] 3380,1690,9393,254,0,0
[INFO] 3382,1691,9398,254,0,0
[INFO] 3384,1692,9392,254,0,0
[INFO] 3386,1693,9395,254,0,0
[INFO] 3388,1694,9394,254,0,0
[INFO] 3390,1695,9394,254,0,0
[INFO] 3392,1696,9398,254,0,0
[INFO] 3394,1697,9396,254,0,0
[INFO] 3396,1698,9397,254,0,0
[INFO] 3398,1699,9404,254,0,0
[INFO] 3400,1700,9404,256,0,0
[INFO] 3402,1701,9398,254,0,0
[INFO] 3404,1702,9407,254,0,0
[INFO] 3406,1703,9402,254,0,0
[INFO] 3408,1704,9400,254,0,0
[INFO] 3410,1705,9405,254,0,0
[INFO] 3412,1706,9400,254,0,0
[INFO] 3414,1707,9399,254,0,0
[INFO] 3416,1708,9407,254,0,0
[INFO] 3418,1709,9402,254,0,0
[INFO] 3420,1710,9402,254,0,0
[INFO] 3422,1711,9409,254,0,0
[INFO] 3424,1712,9404,254,0,0
[INFO] 3426,1713,9406,254,0,0
[INFO] 3428,1714,9412,254,0,0
[INFO] 3430,1715,9405,254,0,0
[INFO] 3432,1716,9407,254,0,0
[INFO] 3434,1717,9414,254,0,0
[INFO] 3436,1718,9408,254,0,0
[INFO] 3438,1719,9410,254,0,0
[INFO] 3440,1720,9417,254,0,0
[INFO] 3442,1721,9409,254,0,0
[INFO] 3444,1722,9412,254,0,0
[INFO] 3446,1723,9419,254,0,0
[INFO] 3448,1724,9412,254,0,0
[INFO] 3450,1725,9414,254,0,0
[INFO] 3452,1726,9420,254,0,0
[INFO] 3454,1727,9414,254,0,0
[INFO] 3456,1728,9416,254,0,0
[INFO] 3458,1729,9423,254,0,0
[INFO] 3460,1730,9415,254,0,0
[INFO] 3462,1731,9417,254,0,0
[INFO] 3464,1732,9429,254,0,0
[INFO] 3466,1733,9417,254,0,0
[INFO] 3468,1734,9418,254,0,0
[INFO] 3470,1735,9425,254,0,0
[INFO] 3472,1736,9419,254,0,0
[INFO] 3474,1737,9421,254,0,0
[INFO] 3476,1738,9428,254,0,0
[INFO] 3478,1739,9423,254,0,0
[INFO] 3480,1740,9422,254,0,0
[INFO] 3482,1741,9429,254,0,0
[INFO] 3484,1742,9423,254,0,0
[INFO] 3486,1743,9424,254,0,0
[INFO] 3488,1744,9430,254,0,0
[INFO] 3490,1745,9424,254,0,0
[INFO] 3492,1746,9426,254,0,0
[INFO] 3494,1747,9433,254,0,0
[INFO] 3496,1748,9428,254,0,0
[INFO] 3498,1749,9427,254,0,0
[INFO] 3500,1750,9435,254,0,0
[INFO] 3502,1751,9429,254,0,0
[INFO] 3504,1752,9429,254,0,0
[INFO] 3506,1753,9435,254,0,0
[INFO] 3508,1754,9431,254,0,0
[INFO] 3510,1755,9430,254,0,0
[INFO] 3512,1756,9436,254,0,0
[INFO] 3514,1757,9432,254,0,0
[INFO] 3516,1758,9431,254,0,0
[INFO] 3518,1759,9438,254,0,0
[INFO] 3520,1760,9433,254,0,0
[INFO] 3522,1761,9434,254,0,0
[INFO] 3524,1762,9440,254,0,0
[INFO] 3526,1763,9435,254,0,0
[INFO] 3528,1764,9436,254,0,0
[INFO] 3530,1765,9439,254,0,0
[INFO] 3532,1766,9437,254,0,0
[INFO] 3534,1767,9437,254,0,0
[INFO] 3536,1768,9441,254,0,0
[INFO] 3538,1769,9439,254,0,0
[INFO] 3540,1770,9439,254,0,0
[INFO] 3542,1771,9443,254,0,0
[INFO] 3544,1772,9449,254,0,0
[INFO] 3546,1773,9439,254,0,0
[INFO] 3548,1774,9444,254,0,0
[INFO] 3550,1775,9450,254,0,0
[INFO] 3552,1776,9443,254,0,0
[INFO] 3554,1777,9447,254,0,0
[INFO] 3556,1778,9447,254,0,0
[INFO] 3558,1779,9446,254,0,0
[INFO] 3560,1780,9444,254,0,0
[INFO] 3562,1781,9451,254,0,0
[INFO] 3564,1782,9447,254,0,0
[INFO] 3566,1783,9446,254,0,0
[INFO] 3568,1784,9455,254,0,0
[INFO] 3570,1785,9448,254,0,0
[INFO] 3572,1786,9448,254,0,0
[INFO] 3574,1787,9452,254,0,0
[INFO] 3576,1788,9449,254,0,0
[INFO] 3578,1789,9450,254,0,0
[INFO] 3580,1790,9452,254,0,0
[INFO] 3582,1791,9458,254,0,0
[INFO] 3584,1792,9452,254,0,0
[INFO] 3586,1793,9472,254,0,0
[INFO] 3588,1794,9462,254,0,0
[INFO] 3590,1795,9463,254,0,0
[INFO] 3592,1796,9458,254,0,0
[INFO] 3594,1797,9464,254,0,0
[INFO] 3596,1798,9459,254,0,0
[INFO] 3598,1799,9457,254,0,0
[INFO] 3600,1800,9461,254,0,0
[INFO] 3602,1801,9457,254,0,0
[INFO] 3604,1802,9457,254,0,0
[INFO] 3606,1803,9458,254,0,0
[INFO] 3608,1804,9465,254,0,0
[INFO] 3610,1805,9459,254,0,0
[INFO] 3612,1806,9460,254,0,0
[INFO] 3614,1807,9466,254,0,0
[INFO] 3616,1808,9460,254,0,0
[INFO] 3618,1809,9461,254,0,0
[INFO] 3620,1810,9468,254,0,0
[INFO] 3622,1811,9462,254,0,0
[INFO] 3624,1812,9463,254,0,0
[INFO] 3626,1813,9467,254,0,0
[INFO] 3628,1814,9464,254,0,0
[INFO] 3630,1815,9468,254,0,0
[INFO] 3632,1816,9467,254,0,0
[INFO] 3634,1817,9473,254,0,0
[INFO] 3636,1818,9465,254,0,0
[INFO] 3638,1819,9468,254,0,0
[INFO] 3640,1820,9474,254,0,0
[INFO] 3642,1821,9465,254,0,0
[INFO] 3644,1822,9468,254,0,0
[INFO] 3646,1823,9474,254,0,0
[INFO] 3648,1824,9469,254,0,0
[INFO] 3650,1825,9471,254,0,0
[INFO] 3652,1826,9473,254,0,0
[INFO] 3654,1827,9478,254,0,0
[INFO] 3656,1828,9474,254,0,0
[INFO] 3658,1829,9470,254,0,0
[INFO] 3660,1830,9477,254,0,0
[INFO] 3662,1831,9474,254,0,0
[INFO] 3664,1832,9474,254,0,0
[INFO] 3666,1833,9478,254,0,0
[INFO] 3668,1834,9476,254,0,0
[INFO] 3670,1835,9475,254,0,0
[INFO] 3672,1836,9477,254,0,0
[INFO] 3674,1837,9483,254,0,0
[INFO] 3676,1838,9477,254,0,0
[INFO] 3678,1839,9478,254,0,0
[INFO] 3680,1840,9483,254,0,0
[INFO] 3682,1841,9480,254,0,0
[INFO] 3684,1842,9479,254,0,0
[INFO] 3686,1843,9484,254,0,0
[INFO] 3688,1844,9491,255,0,0
[INFO] 3690,1845,9482,254,0,0
[INFO] 3692,1846,9483,254,0,0
[INFO] 3694,1847,9488,254,0,0
[INFO] 3696,1848,9483,254,0,0
[INFO] 3698,1849,9482,254,0,0
[INFO] 3700,1850,9487,254,0,0
[INFO] 3702,1851,9486,254,0,0
[INFO] 3704,1852,9485,254,0,0
[INFO] 3706,1853,9487,254,0,0
[INFO] 3708,1854,9492,254,0,0
[INFO] 3710,1855,9486,254,0,0
[INFO] 3712,1856,9488,254,0,0
[INFO] 3714,1857,9492,254,0,0
[INFO] 3716,1858,9488,254,0,0
[INFO] 3718,1859,9489,254,0,0
[INFO] 3720,1860,9493,254,0,0
[INFO] 3722,1861,9493,254,0,0
[INFO] 3724,1862,9489,254,0,0
[INFO] 3726,1863,9491,254,0,0
[INFO] 3728,1864,9496,254,0,0
[INFO] 3730,1865,9493,254,0,0
[INFO] 3732,1866,9492,254,0,0
[INFO] 3734,1867,9495,254,0,0
[INFO] 3736,1868,9502,254,0,0
[INFO] 3738,1869,9495,254,0,0
[INFO] 3740,1870,9495,254,0,0
[INFO] 3742,1871,9500,254,0,0
[INFO] 3744,1872,9496,254,0,0
[INFO] 3746,1873,9496,254,0,0
[INFO] 3748,1874,9500,254,0,0
[INFO] 3750,1875,9503,254,0,0
[INFO] 3752,1876,9497,254,0,0
[INFO] 3754,1877,9498,254,0,0
[INFO] 3756,1878,9505,254,0,0
[INFO] 3758,1879,9500,254,0,0
[INFO] 3760,1880,9500,254,0,0
[INFO] 3762,1881,9502,254,0,0
[INFO] 3764,1882,9507,254,0,0
[INFO] 3766,1883,9501,254,0,0
[INFO] 3768,1884,9501,254,0,0
[INFO] 3770,1885,9507,254,0,0
[INFO] 3772,1886,9504,254,0,0
[INFO] 3774,1887,9503,254,0,0
[INFO] 3776,1888,9506,254,0,0
[INFO] 3778,1889,9512,254,0,0
[INFO] 3780,1890,9509,254,0,0
[INFO] 3782,1891,9511,256,0,0
[INFO] 3784,1892,9510,254,0,0
[INFO] 3786,1893,9510,254,0,0
[INFO] 3788,1894,9509,254,0,0
[INFO] 3790,1895,9509,254,0,0
[INFO] 3792,1896,9514,254,0,0
[INFO] 3794,1897,9508,254,0,0
[INFO] 3796,1898,9507,254,0,0
[INFO] 3798,1899,9511,254,0,0
[INFO] 3800,1900,9517,254,0,0
[INFO] 3802,1901,9509,254,0,0
[INFO] 3804,1902,9510,254,0,0
[INFO] 3806,1903,9515,254,0,0
[INFO] 3808,1904,9512,254,0,0
[INFO] 3810,1905,9512,254,0,0
[INFO] 3812,1906,9513,254,0,0
[INFO] 3814,1907,9519,254,0,0
[INFO] 3816,1908,9514,254,0,0
[INFO] 3818,1909,9514,254,0,0
[INFO] 3820,1910,9518,254,0,0
[INFO] 3822,1911,9525,254,0,0
[INFO] 3824,1912,9515,254,0,0
[INFO] 3826,1913,9516,254,0,0
[INFO] 3828,1914,9522,254,0,0
[INFO] 3830,1915,9517,254,0,0
[INFO] 3832,1916,9518,254,0,0
[INFO] 3834,1917,9520,254,0,0
[INFO] 3836,1918,9526,254,0,0
[INFO] 3838,1919,9519,254,0,0
[INFO] 3840,1920,9520,254,0,0
[INFO] 3842,1921,9524,254,0,0
[INFO] 3844,1922,9529,254,0,0
[INFO] 3846,1923,9525,254,0,0
[INFO] 3848,1924,9521,254,0,0
[INFO] 3850,1925,9526,254,0,0
[INFO] 3852,1926,9522,254,0,0
[INFO] 3854,1927,9523,254,0,0
[INFO] 3856,1928,9524,254,0,0
[INFO] 3858,1929,9531,254,0,0
[INFO] 3860,1930,9526,254,0,0
[INFO] 3862,1931,9524,254,0,0
[INFO] 3864,1932,9528,254,0,0
[INFO] 3866,1933,9534,254,0,0
[INFO] 3868,1934,9526,254,0,0
[INFO] 3870,1935,9526,254,0,0
[INFO] 3872,1936,9531,254,0,0
[INFO] 3874,1937,9529,254,0,0
[INFO] 3876,1938,9529,254,0,0
[INFO] 3878,1939,9531,254,0,0
[INFO] 3880,1940,9534,254,0,0
[INFO] 3882,1941,9531,254,0,0
[INFO] 3884,1942,9531,254,0,0
[INFO] 3886,1943,9532,254,0,0
[INFO] 3888,1944,9538,254,0,0
[INFO] 3890,1945,9533,254,0,0
[INFO] 3892,1946,9532,254,0,0
[INFO] 3894,1947,9535,254,0,0
[INFO] 3896,1948,9540,254,0,0
[INFO] 3898,1949,9534,254,0,0
[INFO] 3900,1950,9532,254,0,0
[INFO] 3902,1951,9537,254,0,0
[INFO] 3904,1952,9543,254,0,0
[INFO] 3906,1953,9536,254,0,0
[INFO] 3908,1954,9535,254,0,0
[INFO] 3910,1955,9541,254,0,0
[INFO] 3912,1956,9537,254,0,0
[INFO] 3914,1957,9537,254,0,0
[INFO] 3916,1958,9538,254,0,0
[INFO] 3918,1959,9543,254,0,0
[INFO] 3920,1960,9540,254,0,0
[INFO] 3922,1961,9540,254,0,0
[INFO] 3924,1962,9542,254,0,0
[INFO] 3926,1963,9547,254,0,0
[INFO] 3928,1964,9540,254,0,0
[INFO] 3930,1965,9542,254,0,0
[INFO] 3932,1966,9543,254,0,0
[INFO] 3934,1967,9549,254,0,0
[INFO] 3936,1968,9545,254,0,0
[INFO] 3938,1969,9541,254,0,0
[INFO] 3940,1970,9547,254,0,0
[INFO] 3942,1971,9551,254,0,0
[INFO] 3944,1972,9545,254,0,0
[INFO] 3946,1973,9546,254,0,0
[INFO] 3948,1974,9548,254,0,0
[INFO] 3950,1975,9557,254,0,0
[INFO] 3952,1976,9546,254,0,0
[INFO] 3954,1977,9547,254,0,0
[INFO] 3956,1978,9551,254,0,0
[INFO] 3958,1979,9556,254,0,0
[INFO] 3960,1980,9549,254,0,0
[INFO] 3962,1981,9548,254,0,0
[INFO] 3964,1982,9553,254,0,0
[INFO] 3966,1983,9558,254,0,0
[INFO] 3968,1984,9569,254,0,0
[INFO] 3970,1985,9553,254,0,0
[INFO] 3972,1986,9563,254,0,0
[INFO] 3974,1987,9564,254,0,0
[INFO] 3976,1988,9556,254,0,0
[INFO] 3978,1989,9555,254,0,0
[INFO] 3980,1990,9559,254,0,0
[INFO] 3982,1991,9563,254,0,0
[INFO] 3984,1992,9554,254,0,0
[INFO] 3986,1993,9554,254,0,0
[INFO] 3988,1994,9559,254,0,0
[INFO] 3990,1995,9564,254,0,0
[INFO] 3992,1996,9556,254,0,0
[INFO] 3994,1997,9555,254,0,0
[INFO] 3996,1998,9560,254,0,0
[INFO] 3998,1999,9565,254,0,0
[INFO] 4000,2000,9558,254,0,0
[INFO] 4002,2001,9559,254,0,0
[INFO] 4004,2002,9562,254,0,0
[INFO] 4006,2003,9567,254,0,0
[INFO] 4008,2004,9559,254,0,0
[INFO] 4010,2005,9559,254,0,0
[INFO] 4012,2006,9568,254,0,0
[INFO] 4014,2007,9568,254,0,0
[INFO] 4016,2008,9561,254,0,0
[INFO] 4018,2009,9560,254,0,0
[INFO] 4020,2010,9566,254,0,0
[INFO] 4022,2011,9572,254,0,0
[INFO] 4024,2012,9560,254,0,0
[INFO] 4026,2013,9563,254,0,0
[INFO] 4028,2014,9568,254,0,0
[INFO] 4030,2015,9572,254,0,0
[INFO] 4032,2016,9566,254,0,0
[INFO] 4034,2017,9565,254,0,0
[INFO] 4036,2018,9569,254,0,0
[INFO] 4038,2019,9576,254,0,0
[INFO] 4040,2020,9564,254,0,0
[INFO] 4042,2021,9565,254,0,0
[INFO] 4044,2022,9571,254,0,0
[INFO] 4046,2023,9576,254,0,0
[INFO] 4048,2024,9568,254,0,0
[INFO] 4050,2025,9569,254,0,0
[INFO] 4052,2026,9571,254,0,0
[INFO] 4054,2027,9576,254,0,0
[INFO] 4056,2028,9570,254,0,0
[INFO] 4058,2029,9570,254,0,0
[INFO] 4060,2030,9573,254,0,0
[INFO] 4062,2031,9578,254,0,0
[INFO] 4064,2032,9573,254,0,0
[INFO] 4066,2033,9572,254,0,0
[INFO] 4068,2034,9575,254,0,0
[INFO] 4070,2035,9581,255,0,0
[INFO] 4072,2036,9575,254,0,0
[INFO] 4074,2037,9575,254,0,0
[INFO] 4076,2038,9575,254,0,0
[INFO] 4078,2039,9581,254,0,0
[INFO] 4080,2040,9575,254,0,0
[INFO] 4082,2041,9575,254,0,0
[INFO] 4084,2042,9577,254,0,0
[INFO] 4086,2043,9581,254,0,0
[INFO] 4088,2044,9578,254,0,0
[INFO] 4090,2045,9577,254,0,0
[INFO] 4092,2046,9577,254,0,0
[INFO] 4094,2047,9584,254,0,0
[INFO] 4096,2048,9587,254,0,0
[INFO] 4098,2049,9579,254,0,0
[INFO] 4100,2050,9580,254,0,0
[INFO] 4102,2051,9584,254,0,0
[INFO] 4104,2052,9585,254,0,0
[INFO] 4106,2053,9580,254,0,0
[INFO] 4108,2054,9581,254,0,0
[INFO] 4110,2055,9584,254,0,0
[INFO] 4112,2056,9590,254,0,0
[INFO] 4114,2057,9583,254,0,0
[INFO] 4116,2058,9583,254,0,0
[INFO] 4118,2059,9586,254,0,0
[INFO] 4120,2060,9591,254,0,0
[INFO] 4122,2061,9585,254,0,0
[INFO] 4124,2062,9585,254,0,0
[INFO] 4126,2063,9585,254,0,0
[INFO] 4128,2064,9590,254,0,0
[INFO] 4130,2065,9596,254,0,0
[INFO] 4132,2066,9585,254,0,0
[INFO] 4134,2067,9587,254,0,0
[INFO] 4136,2068,9591,254,0,0
[INFO] 4138,2069,9598,254,0,0
[INFO] 4140,2070,9589,254,0,0
[INFO] 4142,2071,9589,254,0,0
[INFO] 4144,2072,9591,254,0,0
[INFO] 4146,2073,9596,254,0,0
[INFO] 4148,2074,9590,254,0,0
[INFO] 4150,2075,9590,254,0,0
[INFO] 4152,2076,9591,254,0,0
[INFO] 4154,2077,9597,254,0,0
[INFO] 4156,2078,9602,254,0,0
[INFO] 4158,2079,9593,254,0,0
[INFO] 4160,2080,9594,254,0,0
[INFO] 4162,2081,9600,254,0,0
[INFO] 4164,2082,9607,254,0,0
[INFO] 4166,2083,9595,254,0,0
[INFO] 4168,2084,9597,254,0,0
[INFO] 4170,2085,9599,254,0,0
[INFO] 4172,2086,9602,254,0,0
[INFO] 4174,2087,9596,254,0,0
[INFO] 4176,2088,9595,254,0,0
[INFO] 4178,2089,9595,254,0,0
[INFO] 4180,2090,9601,254,0,0
[INFO] 4182,2091,9606,254,0,0
[INFO] 4184,2092,9597,254,0,0
[INFO] 4186,2093,9597,254,0,0
[INFO] 4188,2094,9601,254,0,0
[INFO] 4190,2095,9606,254,0,0
[INFO] 4192,2096,9600,254,0,0
[INFO] 4194,2097,9598,254,0,0
[INFO] 4196,2098,9601,254,0,0
[INFO] 4198,2099,9606,254,0,0
[INFO] 4200,2100,9601,254,0,0
[INFO] 4202,2101,9601,254,0,0
[INFO] 4204,2102,9602,254,0,0
[INFO] 4206,2103,9606,254,0,0
[INFO] 4208,2104,9611,254,0,0
[INFO] 4210,2105,9604,254,0,0
[INFO] 4212,2106,9603,254,0,0
[INFO] 4214,2107,9606,254,0,0
[INFO] 4216,2108,9610,254,0,0
[INFO] 4218,2109,9605,254,0,0
[INFO] 4220,2110,9605,254,0,0
[INFO] 4222,2111,9606,254,0,0
[INFO] 4224,2112,9610,254,0,0
[INFO] 4226,2113,9615,254,0,0
[INFO] 4228,2114,9611,254,0,0
[INFO] 4230,2115,9607,254,0,0
[INFO] 4232,2116,9609,254,0,0
[INFO] 4234,2117,9614,254,0,0
[INFO] 4236,2118,9609,254,0,0
[INFO] 4238,2119,9608,254,0,0
[INFO] 4240,2120,9610,254,0,0
[INFO] 4242,2121,9615,254,0,0
[INFO] 4244,2122,9618,254,0,0
[INFO] 4246,2123,9611,254,0,0
[INFO] 4248,2124,9611,254,0,0
[INFO] 4250,2125,9613,254,0,0
[INFO] 4252,2126,9618,254,0,0
[INFO] 4254,2127,9612,254,0,0
[INFO] 4256,2128,9612,254,0,0
[INFO] 4258,2129,9613,254,0,0
[INFO] 4260,2130,9619,254,0,0
[INFO] 4262,2131,9622,254,0,0
[INFO] 4264,2132,9615,254,0,0
[INFO] 4266,2133,9615,254,0,0
[INFO] 4268,2134,9617,254,0,0
[INFO] 4270,2135,9622,254,0,0
[INFO] 4272,2136,9617,254,0,0
[INFO] 4274,2137,9615,254,0,0
[INFO] 4276,2138,9615,254,0,0
[INFO] 4278,2139,9620,254,0,0
[INFO] 4280,2140,9625,254,0,0
[INFO] 4282,2141,9618,254,0,0
[INFO] 4284,2142,9617,254,0,0
[INFO] 4286,2143,9620,254,0,0
[INFO] 4288,2144,9625,254,0,0
[INFO] 4290,2145,9619,254,0,0
[INFO] 4292,2146,9620,254,0,0
[INFO] 4294,2147,9618,254,0,0
[INFO] 4296,2148,9623,254,0,0
[INFO] 4298,2149,9628,254,0,0
[INFO] 4300,2150,9621,254,0,0
[INFO] 4302,2151,9622,254,0,0
[INFO] 4304,2152,9622,254,0,0
[INFO] 4306,2153,9627,254,0,0
[INFO] 4308,2154,9632,254,0,0
[INFO] 4310,2155,9622,254,0,0
[INFO] 4312,2156,9624,254,0,0
[INFO] 4314,2157,9626,254,0,0
[INFO] 4316,2158,9631,254,0,0
[INFO] 4318,2159,9627,254,0,0
[INFO] 4320,2160,9625,254,0,0
[INFO] 4322,2161,9626,254,0,0
[INFO] 4324,2162,9629,254,0,0
[INFO] 4326,2163,9634,254,0,0
[INFO] 4328,2164,9628,254,0,0
[INFO] 4330,2165,9626,254,0,0
[INFO] 4332,2166,9630,254,0,0
[INFO] 4334,2167,9632,254,0,0
[INFO] 4336,2168,9637,254,0,0
[INFO] 4338,2169,9629,254,0,0
[INFO] 4340,2170,9628,254,0,0
[INFO] 4342,2171,9631,254,0,0
[INFO] 4344,2172,9635,254,0,0
[INFO] 4346,2173,9630,254,0,0
[INFO] 4348,2174,9630,254,0,0
[INFO] 4350,2175,9647,254,0,0
[INFO] 4352,2176,9636,254,0,0
[INFO] 4354,2177,9646,254,0,0
[INFO] 4356,2178,9635,254,0,0
[INFO] 4358,2179,9636,254,0,0
[INFO] 4360,2180,9635,254,0,0
[INFO] 4362,2181,9638,254,0,0
[INFO] 4364,2182,9642,254,0,0
[INFO] 4366,2183,9634,254,0,0
[INFO] 4368,2184,9634,254,0,0
[INFO] 4370,2185,9633,254,0,0
[INFO] 4372,2186,9639,254,0,0
[INFO] 4374,2187,9645,254,0,0
[INFO] 4376,2188,9635,254,0,0
[INFO] 4378,2189,9635,254,0,0
[INFO] 4380,2190,9637,254,0,0
[INFO] 4382,2191,9643,254,0,0
[INFO] 4384,2192,9639,254,0,0
[INFO] 4386,2193,9637,254,0,0
[INFO] 4388,2194,9637,254,0,0
[INFO] 4390,2195,9640,254,0,0
[INFO] 4392,2196,9645,254,0,0
[INFO] 4394,2197,9642,254,0,0
[INFO] 4396,2198,9640,254,0,0
[INFO] 4398,2199,9640,254,0,0
[INFO] 4400,2200,9642,254,0,0
[INFO] 4402,2201,9648,254,0,0
[INFO] 4404,2202,9642,254,0,0
[INFO] 4406,2203,9639,254,0,0
[INFO] 4408,2204,9641,254,0,0
[INFO] 4410,2205,9646,254,0,0
[INFO] 4412,2206,9650,254,0,0
[INFO] 4414,2207,9644,254,0,0
[INFO] 4416,2208,9643,254,0,0
[INFO] 4418,2209,9643,254,0,0
[INFO] 4420,2210,9650,254,0,0
[INFO] 4422,2211,9651,254,0,0
[INFO] 4424,2212,9644,254,0,0
[INFO] 4426,2213,9645,254,0,0
[INFO] 4428,2214,9646,254,0,0
[INFO] 4430,2215,9650,254,0,0
[INFO] 4432,2216,9656,254,0,0
[INFO] 4434,2217,9646,254,0,0
[INFO] 4436,2218,9646,254,0,0
[INFO] 4438,2219,9648,254,0,0
[INFO] 4440,2220,9653,254,0,0
[INFO] 4442,2221,9658,254,0,0
[INFO] 4444,2222,9649,254,0,0
[INFO] 4446,2223,9649,254,0,0
[INFO] 4448,2224,9650,254,0,0
[INFO] 4450,2225,9656,254,0,0
[INFO] 4452,2226,9661,255,0,0
[INFO] 4454,2227,9652,254,0,0
[INFO] 4456,2228,9651,254,0,0
[INFO] 4458,2229,9652,254,0,0
[INFO] 4460,2230,9657,254,0,0
[INFO] 4462,2231,9661,254,0,0
[INFO] 4464,2232,9652,254,0,0
[INFO] 4466,2233,9653,254,0,0
[INFO] 4468,2234,9654,254,0,0
[INFO] 4470,2235,9659,254,0,0
[INFO] 4472,2236,9663,254,0,0
[INFO] 4474,2237,9654,254,0,0
[INFO] 4476,2238,9655,254,0,0
[INFO] 4478,2239,9656,254,0,0
[INFO] 4480,2240,9661,254,0,0
[INFO] 4482,2241,9666,254,0,0
[INFO] 4484,2242,9657,254,0,0
[INFO] 4486,2243,9653,254,0,0
[INFO] 4488,2244,9656,254,0,0
[INFO] 4490,2245,9662,254,0,0
[INFO] 4492,2246,9667,254,0,0
[INFO] 4494,2247,9658,254,0,0
[INFO] 4496,2248,9658,254,0,0
[INFO] 4498,2249,9659,254,0,0
[INFO] 4500,2250,9665,254,0,0
[INFO] 4502,2251,9670,254,0,0
[INFO] 4504,2252,9660,254,0,0
[INFO] 4506,2253,9660,254,0,0
[INFO] 4508,2254,9661,254,0,0
[INFO] 4510,2255,9665,254,0,0
[INFO] 4512,2256,9671,254,0,0
[INFO] 4514,2257,9662,254,0,0
[INFO] 4516,2258,9661,254,0,0
[INFO] 4518,2259,9662,254,0,0
[INFO] 4520,2260,9669,254,0,0
[INFO] 4522,2261,9672,254,0,0
[INFO] 4524,2262,9664,254,0,0
[INFO] 4526,2263,9664,254,0,0
[INFO] 4528,2264,9663,254,0,0
[INFO] 4530,2265,9668,254,0,0
[INFO] 4532,2266,9672,254,0,0
[INFO] 4534,2267,9665,254,0,0
[INFO] 4536,2268,9666,254,0,0
[INFO] 4538,2269,9665,254,0,0
[INFO] 4540,2270,9670,254,0,0
[INFO] 4542,2271,9675,254,0,0
[INFO] 4544,2272,9670,254,0,0
[INFO] 4546,2273,9672,256,0,0
[INFO] 4548,2274,9668,254,0,0
[INFO] 4550,2275,9673,254,0,0
[INFO] 4552,2276,9677,254,0,0
[INFO] 4554,2277,9670,254,0,0
[INFO] 4556,2278,9669,254,0,0
[INFO] 4558,2279,9668,254,0,0
[INFO] 4560,2280,9671,254,0,0
[INFO] 4562,2281,9675,254,0,0
[INFO] 4564,2282,9680,254,0,0
[INFO] 4566,2283,9670,254,0,0
[INFO] 4568,2284,9670,254,0,0
[INFO] 4570,2285,9672,254,0,0
[INFO] 4572,2286,9677,254,0,0
[INFO] 4574,2287,9682,254,0,0
[INFO] 4576,2288,9671,254,0,0
[INFO] 4578,2289,9672,254,0,0
[INFO] 4580,2290,9673,254,0,0
[INFO] 4582,2291,9677,254,0,0
[INFO] 4584,2292,9682,254,0,0
[INFO] 4586,2293,9675,254,0,0
[INFO] 4588,2294,9674,254,0,0
[INFO] 4590,2295,9674,254,0,0
[INFO] 4592,2296,9678,254,0,0
[INFO] 4594,2297,9682,254,0,0
[INFO] 4596,2298,9676,254,0,0
[INFO] 4598,2299,9676,254,0,0
[INFO] 4600,2300,9676,254,0,0
[INFO] 4602,2301,9678,254,0,0
[INFO] 4604,2302,9684,254,0,0
[INFO] 4606,2303,9687,254,0,0
[INFO] 4608,2304,9678,254,0,0
[INFO] 4610,2305,9681,254,0,0
[INFO] 4612,2306,9679,254,0,0
[INFO] 4614,2307,9682,254,0,0
[INFO] 4616,2308,9687,254,0,0
[INFO] 4618,2309,9680,254,0,0
[INFO] 4620,2310,9679,254,0,0
[INFO] 4622,2311,9680,254,0,0
[INFO] 4624,2312,9685,254,0,0
[INFO] 4626,2313,9687,254,0,0
[INFO] 4628,2314,9682,254,0,0
[INFO] 4630,2315,9681,254,0,0
[INFO] 4632,2316,9681,254,0,0
[INFO] 4634,2317,9683,254,0,0
[INFO] 4636,2318,9688,254,0,0
[INFO] 4638,2319,9693,254,0,0
[INFO] 4640,2320,9684,254,0,0
[INFO] 4642,2321,9685,254,0,0
[INFO] 4644,2322,9684,254,0,0
[INFO] 4646,2323,9689,254,0,0
[INFO] 4648,2324,9693,254,0,0
[INFO] 4650,2325,9685,254,0,0
[INFO] 4652,2326,9685,254,0,0
[INFO] 4654,2327,9686,254,0,0
[INFO] 4656,2328,9688,254,0,0
[INFO] 4658,2329,9692,254,0,0
[INFO] 4660,2330,9697,254,0,0
[INFO] 4662,2331,9687,254,0,0
[INFO] 4664,2332,9687,254,0,0
[INFO] 4666,2333,9688,254,0,0
[INFO] 4668,2334,9693,254,0,0
[INFO] 4670,2335,9698,254,0,0
[INFO] 4672,2336,9688,254,0,0
[INFO] 4674,2337,9689,254,0,0
[INFO] 4676,2338,9688,254,0,0
[INFO] 4678,2339,9692,254,0,0
[INFO] 4680,2340,9697,254,0,0
[INFO] 4682,2341,9690,254,0,0
[INFO] 4684,2342,9691,254,0,0
[INFO] 4686,2343,9691,254,0,0
[INFO] 4688,2344,9693,254,0,0
[INFO] 4690,2345,9697,254,0,0
[INFO] 4692,2346,9700,254,0,0
[INFO] 4694,2347,9693,254,0,0
[INFO] 4696,2348,9693,254,0,0
[INFO] 4698,2349,9693,254,0,0
[INFO] 4700,2350,9698,254,0,0
[INFO] 4702,2351,9699,254,0,0
[INFO] 4704,2352,9694,254,0,0
[INFO] 4706,2353,9694,254,0,0
[INFO] 4708,2354,9694,254,0,0
[INFO] 4710,2355,9696,254,0,0
[INFO] 4712,2356,9700,254,0,0
[INFO] 4714,2357,9707,254,0,0
[INFO] 4716,2358,9696,254,0,0
[INFO] 4718,2359,9696,254,0,0
[INFO] 4720,2360,9696,254,0,0
[INFO] 4722,2361,9699,254,0,0
[INFO] 4724,2362,9704,254,0,0
[INFO] 4726,2363,9707,254,0,0
[INFO] 4728,2364,9697,254,0,0
[INFO] 4730,2365,9698,254,0,0
[INFO] 4732,2366,9714,254,0,0
[INFO] 4734,2367,9705,254,0,0
[INFO] 4736,2368,9714,254,0,0
[INFO] 4738,2369,9703,254,0,0
[INFO] 4740,2370,9703,254,0,0
[INFO] 4742,2371,9702,254,0,0
[INFO] 4744,2372,9703,254,0,0
[INFO] 4746,2373,9707,254,0,0
[INFO] 4748,2374,9711,254,0,0
[INFO] 4750,2375,9701,254,0,0
[INFO] 4752,2376,9700,254,0,0
[INFO] 4754,2377,9701,254,0,0
[INFO] 4756,2378,9706,254,0,0
[INFO] 4758,2379,9709,254,0,0
[INFO] 4760,2380,9703,254,0,0
[INFO] 4762,2381,9703,254,0,0
[INFO] 4764,2382,9704,254,0,0
[INFO] 4766,2383,9704,254,0,0
[INFO] 4768,2384,9708,254,0,0
[INFO] 4770,2385,9713,254,0,0
[INFO] 4772,2386,9705,254,0,0
[INFO] 4774,2387,9705,254,0,0
[INFO] 4776,2388,9708,254,0,0
[INFO] 4778,2389,9706,254,0,0
[INFO] 4780,2390,9712,254,0,0
[INFO] 4782,2391,9715,254,0,0
[INFO] 4784,2392,9707,254,0,0
[INFO] 4786,2393,9707,254,0,0
[INFO] 4788,2394,9705,254,0,0
[INFO] 4790,2395,9710,254,0,0
[INFO] 4792,2396,9715,254,0,0
[INFO] 4794,2397,9719,254,0,0
[INFO] 4796,2398,9710,254,0,0
[INFO] 4798,2399,9709,254,0,0
[INFO] 4800,2400,9709,254,0,0
[INFO] 4802,2401,9715,254,0,0
[INFO] 4804,2402,9716,254,0,0
[INFO] 4806,2403,9709,254,0,0
[INFO] 4808,2404,9711,254,0,0
[INFO] 4810,2405,9711,254,0,0
[INFO] 4812,2406,9712,254,0,0
[INFO] 4814,2407,9716,254,0,0
[INFO] 4816,2408,9720,254,0,0
[INFO] 4818,2409,9712,254,0,0
[INFO] 4820,2410,9712,254,0,0
[INFO] 4822,2411,9712,254,0,0
[INFO] 4824,2412,9715,254,0,0
[INFO] 4826,2413,9719,254,0,0
[INFO] 4828,2414,9724,254,0,0
[INFO] 4830,2415,9714,254,0,0
[INFO] 4832,2416,9715,254,0,0
[INFO] 4834,2417,9716,255,0,0
[INFO] 4836,2418,9718,254,0,0
[INFO] 4838,2419,9722,254,0,0
[INFO] 4840,2420,9726,254,0,0
[INFO] 4842,2421,9716,254,0,0
[INFO] 4844,2422,9716,254,0,0
[INFO] 4846,2423,9716,254,0,0
[INFO] 4848,2424,9720,254,0,0
[INFO] 4850,2425,9724,254,0,0
[INFO] 4852,2426,9728,254,0,0
[INFO] 4854,2427,9718,254,0,0
[INFO] 4856,2428,9718,254,0,0
[INFO] 4858,2429,9719,254,0,0
[INFO] 4860,2430,9722,254,0,0
[INFO] 4862,2431,9726,254,0,0
[INFO] 4864,2432,9731,254,0,0
[INFO] 4866,2433,9721,254,0,0
[INFO] 4868,2434,9717,254,0,0
[INFO] 4870,2435,9719,254,0,0
[INFO] 4872,2436,9724,254,0,0
[INFO] 4874,2437,9728,254,0,0
[INFO] 4876,2438,9733,254,0,0
[INFO] 4878,2439,9722,254,0,0
[INFO] 4880,2440,9722,254,0,0
[INFO] 4882,2441,9723,254,0,0
[INFO] 4884,2442,9727,254,0,0
[INFO] 4886,2443,9730,254,0,0
[INFO] 4888,2444,9724,254,0,0
[INFO] 4890,2445,9723,254,0,0
[INFO] 4892,2446,9723,254,0,0
[INFO] 4894,2447,9724,254,0,0
[INFO] 4896,2448,9728,254,0,0
[INFO] 4898,2449,9732,254,0,0
[INFO] 4900,2450,9725,254,0,0
[INFO] 4902,2451,9727,254,0,0
[INFO] 4904,2452,9726,254,0,0
[INFO] 4906,2453,9726,254,0,0
[INFO] 4908,2454,9730,254,0,0
[INFO] 4910,2455,9734,254,0,0
[INFO] 4912,2456,9738,254,0,0
[INFO] 4914,2457,9727,254,0,0
[INFO] 4916,2458,9727,254,0,0
[INFO] 4918,2459,9728,254,0,0
[INFO] 4920,2460,9731,254,0,0
[INFO] 4922,2461,9736,254,0,0
[INFO] 4924,2462,9741,254,0,0
[INFO] 4926,2463,9732,254,0,0
[INFO] 4928,2464,9734,255,0,0
[INFO] 4930,2465,9730,254,0,0
[INFO] 4932,2466,9736,254,0,0
[INFO] 4934,2467,9739,254,0,0
[INFO] 4936,2468,9742,254,0,0
[INFO] 4938,2469,9731,254,0,0
[INFO] 4940,2470,9730,254,0,0
[INFO] 4942,2471,9730,254,0,0
[INFO] 4944,2472,9734,254,0,0
[INFO] 4946,2473,9738,254,0,0
[INFO] 4948,2474,9742,254,0,0
[INFO] 4950,2475,9732,254,0,0
[INFO] 4952,2476,9732,254,0,0
[INFO] 4954,2477,9733,254,0,0
[INFO] 4956,2478,9736,254,0,0
[INFO] 4958,2479,9739,254,0,0
[INFO] 4960,2480,9744,254,0,0
[INFO] 4962,2481,9734,254,0,0
[INFO] 4964,2482,9734,254,0,0
[INFO] 4966,2483,9734,254,0,0
[INFO] 4968,2484,9737,254,0,0
[INFO] 4970,2485,9740,254,0,0
[INFO] 4972,2486,9745,254,0,0
[INFO] 4974,2487,9737,254,0,0
[INFO] 4976,2488,9736,254,0,0
[INFO] 4978,2489,9736,254,0,0
[INFO] 4980,2490,9738,254,0,0
[INFO] 4982,2491,9742,254,0,0
[INFO] 4984,2492,9746,254,0,0
[INFO] 4986,2493,9739,254,0,0
[INFO] 4988,2494,9738,254,0,0
[INFO] 4990,2495,9738,254,0,0
[INFO] 4992,2496,9741,254,0,0
[INFO] 4994,2497,9743,254,0,0
[INFO] 4996,2498,9746,254,0,0
[INFO] 4998,2499,9751,254,0,0
[INFO] 5000,2500,9740,254,0,0
,,,,,
,,,,,
nios2-terminal: exiting due to ^C on host,,,,,
